permutation,layer,mean_attention
0,min,0.025091372
0,nar,0.023146167
0,soc,0.025980735
0,mor,0.026978577
0,pos,0.025710406
1,min,0.026664283
1,nar,0.023146167
1,soc,0.025681568
1,mor,0.026978577
1,pos,0.023949385
2,min,0.025228152
2,nar,0.022524389
2,soc,0.026126154
2,mor,0.025979578
2,pos,0.026335688
3,min,0.025473047
3,nar,0.022591913
3,soc,0.0256512
3,mor,0.029331865
3,pos,0.025174582
4,min,0.02481617
4,nar,0.026072526
4,soc,0.024212604
4,mor,0.027848309
4,pos,0.02629825
5,min,0.025652492
5,nar,0.02337139
5,soc,0.02618526
5,mor,0.026978577
5,pos,0.024234468
6,min,0.026041543
6,nar,0.026230725
6,soc,0.02512688
6,mor,0.021919189
6,pos,0.025438003
7,min,0.023335805
7,nar,0.028590089
7,soc,0.025382245
7,mor,0.024823068
7,pos,0.025174582
8,min,0.02481617
8,nar,0.02758489
8,soc,0.024246367
8,mor,0.024823582
8,pos,0.026230725
9,min,0.025564097
9,nar,0.02522553
9,soc,0.026407382
9,mor,0.023264641
9,pos,0.023925638
10,min,0.024747513
10,nar,0.025132151
10,soc,0.02393751
10,mor,0.026978577
10,pos,0.028326668
11,min,0.02754047
11,nar,0.025293058
11,soc,0.024386352
11,mor,0.023027696
11,pos,0.02505408
12,min,0.02367612
12,nar,0.026335688
12,soc,0.027113872
12,mor,0.023027696
12,pos,0.024352938
13,min,0.02609979
13,nar,0.027077721
13,soc,0.02447626
13,mor,0.023264641
13,pos,0.025132151
14,min,0.02535804
14,nar,0.024234468
14,soc,0.025563302
14,mor,0.025979578
14,pos,0.025556475
15,min,0.025476879
15,nar,0.026644776
15,soc,0.02576317
15,mor,0.023027696
15,pos,0.024044111
16,min,0.023660116
16,nar,0.02462033
16,soc,0.02602318
16,mor,0.026978577
16,pos,0.02629825
17,min,0.025073413
17,nar,0.024285411
17,soc,0.025868127
17,mor,0.024823068
17,pos,0.02590108
18,min,0.027044673
18,nar,0.02522553
18,soc,0.025574207
18,mor,0.021919189
18,pos,0.024043852
19,min,0.025414627
19,nar,0.02629825
19,soc,0.024707293
19,mor,0.027321473
19,pos,0.02444888
20,min,0.024959112
20,nar,0.026179777
20,soc,0.025814502
20,mor,0.023129588
20,pos,0.025132151
21,min,0.023496673
21,nar,0.027077464
21,soc,0.025597068
21,mor,0.023027696
21,pos,0.026913943
22,min,0.025342453
22,nar,0.026230725
22,soc,0.02447626
22,mor,0.024823068
22,pos,0.026335947
23,min,0.02457361
23,nar,0.025401583
23,soc,0.024317557
23,mor,0.025441237
23,pos,0.028326668
24,min,0.023739098
24,nar,0.02513241
24,soc,0.026294013
24,mor,0.029331865
24,pos,0.023949385
25,min,0.026549984
25,nar,0.023949385
25,soc,0.025681568
25,mor,0.023027696
25,pos,0.025293058
26,min,0.02526347
26,nar,0.025488948
26,soc,0.025763303
26,mor,0.024823068
26,pos,0.02462211
27,min,0.025442915
27,nar,0.026644776
27,soc,0.024800926
27,mor,0.024823582
27,pos,0.025121607
28,min,0.028167214
28,nar,0.026209906
28,soc,0.024722716
28,mor,0.023027696
28,pos,0.022524389
29,min,0.025656039
29,nar,0.025121607
29,soc,0.024929995
29,mor,0.027848309
29,pos,0.024554582
30,min,0.026870342
30,nar,0.02444888
30,soc,0.025527023
30,mor,0.023264641
30,pos,0.024503639
31,min,0.024668533
31,nar,0.023371125
31,soc,0.025127009
31,mor,0.029331865
31,pos,0.026650526
32,min,0.025809877
32,nar,0.024234468
32,soc,0.026995832
32,mor,0.024823068
32,pos,0.022591913
33,min,0.02408945
33,nar,0.025401583
33,soc,0.026471512
33,mor,0.023129588
33,pos,0.025900818
34,min,0.025806524
34,nar,0.027413443
34,soc,0.024587458
34,mor,0.025441237
34,pos,0.023925638
35,min,0.025747798
35,nar,0.026913943
35,soc,0.023224883
35,mor,0.027321473
35,pos,0.02629825
36,min,0.028052917
36,nar,0.024285411
36,soc,0.024609348
36,mor,0.024823068
36,pos,0.023949385
37,min,0.024168434
37,nar,0.026913943
37,soc,0.02648927
37,mor,0.023129588
37,pos,0.024234468
38,min,0.026711501
38,nar,0.022473441
38,soc,0.026319487
38,mor,0.024823582
38,pos,0.024352938
39,min,0.02506958
39,nar,0.027077721
39,soc,0.024523491
39,mor,0.025979578
39,pos,0.02522553
40,min,0.023496673
40,nar,0.026072526
40,soc,0.02654686
40,mor,0.026978577
40,pos,0.024043852
41,min,0.026192026
41,nar,0.02462033
41,soc,0.02566941
41,mor,0.023129588
41,pos,0.02513241
42,min,0.023705304
42,nar,0.023680212
42,soc,0.026319487
42,mor,0.029331865
42,pos,0.025401322
43,min,0.026759874
43,nar,0.023976326
43,soc,0.024895469
43,mor,0.024823582
43,pos,0.025625527
44,min,0.025228152
44,nar,0.025401322
44,soc,0.02660521
44,mor,0.023027696
44,pos,0.023976585
45,min,0.02569751
45,nar,0.024823323
45,soc,0.025702655
45,mor,0.021919189
45,pos,0.026209906
46,min,0.023642154
46,nar,0.024352938
46,soc,0.025780737
46,mor,0.024823068
46,pos,0.028155217
47,min,0.02681494
47,nar,0.022524389
47,soc,0.025516614
47,mor,0.027321473
47,pos,0.024503639
48,min,0.024943283
48,nar,0.025132151
48,soc,0.025391003
48,mor,0.021919189
48,pos,0.02765572
49,min,0.024258744
49,nar,0.026479075
49,soc,0.025909679
49,mor,0.021919189
49,pos,0.02629825
50,min,0.028052917
50,nar,0.023371125
50,soc,0.025467968
50,mor,0.023264641
50,pos,0.023925638
51,min,0.025809877
51,nar,0.025556475
51,soc,0.024540896
51,mor,0.024823068
51,pos,0.026179777
52,min,0.025022263
52,nar,0.028326668
52,soc,0.02382827
52,mor,0.023027696
52,pos,0.026913943
53,min,0.025652492
53,nar,0.023680212
53,soc,0.024523491
53,mor,0.024823582
53,pos,0.028326668
54,min,0.026870342
54,nar,0.024554582
54,soc,0.02576317
54,mor,0.024823582
54,pos,0.023146167
55,min,0.0259336
55,nar,0.02337139
55,soc,0.025563175
55,mor,0.025979578
55,pos,0.025556475
56,min,0.026550157
56,nar,0.02392538
56,soc,0.02630604
56,mor,0.025979578
56,pos,0.022591913
57,min,0.025163047
57,nar,0.026072526
57,soc,0.025416007
57,mor,0.024823068
57,pos,0.024883749
58,min,0.024644248
58,nar,0.024043852
58,soc,0.026294013
58,mor,0.025441237
58,pos,0.025625527
59,min,0.025656039
59,nar,0.027386552
59,soc,0.025055528
59,mor,0.023027696
59,pos,0.02444888
60,min,0.024863696
60,nar,0.024043852
60,soc,0.027018538
60,mor,0.023027696
60,pos,0.02505408
61,min,0.0271588
61,nar,0.02444888
61,soc,0.025633441
61,mor,0.023027696
61,pos,0.023976585
62,min,0.024509821
62,nar,0.02758489
62,soc,0.023224883
62,mor,0.025979578
62,pos,0.028155217
63,min,0.02598549
63,nar,0.02629825
63,soc,0.024540896
63,mor,0.023027696
63,pos,0.02607227
64,min,0.02632617
64,nar,0.026381353
64,soc,0.025681412
64,mor,0.023027696
64,pos,0.023197114
65,min,0.027334414
65,nar,0.023925638
65,soc,0.024117397
65,mor,0.026978577
65,pos,0.025293058
66,min,0.02457378
66,nar,0.026913943
66,soc,0.024185846
66,mor,0.025441237
66,pos,0.027077464
67,min,0.02526347
67,nar,0.025401322
67,soc,0.0260659
67,mor,0.021919189
67,pos,0.025556475
68,min,0.023705304
68,nar,0.023976326
68,soc,0.02600344
68,mor,0.025979578
68,pos,0.027413443
69,min,0.024423636
69,nar,0.023949385
69,soc,0.02635865
69,mor,0.029331865
69,pos,0.023976326
70,min,0.025442915
70,nar,0.026644776
70,soc,0.02441132
70,mor,0.024823582
70,pos,0.025900818
71,min,0.024265066
71,nar,0.028155217
71,soc,0.025266865
71,mor,0.023264641
71,pos,0.02522553
72,min,0.02367612
72,nar,0.026644776
72,soc,0.026664903
72,mor,0.023264641
72,pos,0.024823323
73,min,0.027719919
73,nar,0.024823323
73,soc,0.02470351
73,mor,0.027321473
73,pos,0.022473441
74,min,0.023660287
74,nar,0.023680212
74,soc,0.026995704
74,mor,0.023264641
74,pos,0.027150026
75,min,0.02443084
75,nar,0.028155217
75,soc,0.024299217
75,mor,0.021919189
75,pos,0.02758489
76,min,0.025518065
76,nar,0.02444888
76,soc,0.02623952
76,mor,0.027321473
76,pos,0.02307864
77,min,0.025029296
77,nar,0.02444888
77,soc,0.02694157
77,mor,0.023129588
77,pos,0.024503639
78,min,0.025743544
78,nar,0.025900818
78,soc,0.024609348
78,mor,0.027848309
78,pos,0.024285411
79,min,0.02354169
79,nar,0.026230725
79,soc,0.0262758
79,mor,0.027848309
79,pos,0.02392538
80,min,0.025831655
80,nar,0.02444888
80,soc,0.024185846
80,mor,0.025979578
80,pos,0.027386552
81,min,0.025743544
81,nar,0.027413443
81,soc,0.024763761
81,mor,0.024823582
81,pos,0.023976326
82,min,0.025809877
82,nar,0.028590089
82,soc,0.024540767
82,mor,0.024823582
82,pos,0.023146167
83,min,0.025208063
83,nar,0.025401583
83,soc,0.025310552
83,mor,0.026978577
83,pos,0.02462033
84,min,0.026037538
84,nar,0.027077721
84,soc,0.02447626
84,mor,0.023264641
84,pos,0.02522553
85,min,0.026580429
85,nar,0.026913943
85,soc,0.023561375
85,mor,0.024823068
85,pos,0.025625527
86,min,0.02367612
86,nar,0.02758489
86,soc,0.025127009
86,mor,0.024823068
86,pos,0.026179777
87,min,0.025414627
87,nar,0.02505408
87,soc,0.02483482
87,mor,0.027848309
87,pos,0.025174582
88,min,0.025476879
88,nar,0.024044111
88,soc,0.02566941
88,mor,0.021919189
88,pos,0.027386552
89,min,0.02693549
89,nar,0.024823323
89,soc,0.025400052
89,mor,0.023264641
89,pos,0.024285411
90,min,0.02536258
90,nar,0.026335947
90,soc,0.023802796
90,mor,0.029331865
90,pos,0.025293058
91,min,0.025521897
91,nar,0.02505408
91,soc,0.026706705
91,mor,0.025441237
91,pos,0.022473441
92,min,0.02457361
92,nar,0.023925638
92,soc,0.025935153
92,mor,0.025979578
92,pos,0.02629825
93,min,0.026065826
93,nar,0.027386552
93,soc,0.023996748
93,mor,0.023129588
93,pos,0.025900818
94,min,0.02754047
94,nar,0.02337139
94,soc,0.024898345
94,mor,0.026978577
94,pos,0.023976326
95,min,0.026366454
95,nar,0.02307864
95,soc,0.025736922
95,mor,0.025441237
95,pos,0.025121607
96,min,0.023256823
96,nar,0.027077464
96,soc,0.025382245
96,mor,0.023264641
96,pos,0.02758489
97,min,0.024977248
97,nar,0.026913943
97,soc,0.024763761
97,mor,0.021919189
97,pos,0.027077464
98,min,0.02592707
98,nar,0.025556475
98,soc,0.02600344
98,mor,0.024823582
98,pos,0.02307864
99,min,0.023462707
99,nar,0.026230725
99,soc,0.027031982
99,mor,0.024823068
99,pos,0.024044111
100,min,0.0259336
100,nar,0.025488948
100,soc,0.025261467
100,mor,0.024823582
100,pos,0.02462033
101,min,0.02494311
101,nar,0.023976585
101,soc,0.025591
101,mor,0.027321473
101,pos,0.025710406
102,min,0.02513639
102,nar,0.026913943
102,soc,0.025378967
102,mor,0.023027696
102,pos,0.02505408
103,min,0.026076542
103,nar,0.024234468
103,soc,0.02505819
103,mor,0.025979578
103,pos,0.025488948
104,min,0.023256652
104,nar,0.025293058
104,soc,0.025970569
104,mor,0.024823582
104,pos,0.027413443
105,min,0.025266988
105,nar,0.026179777
105,soc,0.025212735
105,mor,0.021919189
105,pos,0.026479075
106,min,0.026217159
106,nar,0.028155217
106,soc,0.024486637
106,mor,0.024823068
106,pos,0.02307864
107,min,0.02592707
107,nar,0.024883749
107,soc,0.025266359
107,mor,0.027321473
107,pos,0.023976585
108,min,0.025163047
108,nar,0.023949385
108,soc,0.02635865
108,mor,0.024823068
108,pos,0.025121607
109,min,0.025727712
109,nar,0.02522553
109,soc,0.025805615
109,mor,0.023264641
109,pos,0.024883749
110,min,0.027044497
110,nar,0.024883749
110,soc,0.023850376
110,mor,0.024823582
110,pos,0.026381353
111,min,0.025249027
111,nar,0.025132151
111,soc,0.024634821
111,mor,0.026978577
111,pos,0.026179777
112,min,0.027044673
112,nar,0.02462211
112,soc,0.024105398
112,mor,0.027848309
112,pos,0.02462033
113,min,0.026037538
113,nar,0.025121607
113,soc,0.026440626
113,mor,0.024823582
113,pos,0.022473441
114,min,0.024689266
114,nar,0.028155217
114,soc,0.024861708
114,mor,0.021919189
114,pos,0.02607227
115,min,0.025442915
115,nar,0.02444888
115,soc,0.025189899
115,mor,0.029331865
115,pos,0.024285411
116,min,0.024668533
116,nar,0.025710406
116,soc,0.02505819
116,mor,0.021919189
116,pos,0.028155217
117,min,0.02457361
117,nar,0.024352938
117,soc,0.025790682
117,mor,0.027321473
117,pos,0.025488948
118,min,0.02609979
118,nar,0.026479075
118,soc,0.025715202
118,mor,0.021919189
118,pos,0.023925638
119,min,0.024838565
119,nar,0.026381353
119,soc,0.025227701
119,mor,0.023027696
119,pos,0.026335947
120,min,0.026594305
120,nar,0.02337139
120,soc,0.025633441
120,mor,0.024823068
120,pos,0.025003135
121,min,0.025312008
121,nar,0.027077721
121,soc,0.024452873
121,mor,0.025979578
121,pos,0.025003135
122,min,0.023721136
122,nar,0.025132151
122,soc,0.025695013
122,mor,0.023027696
122,pos,0.028326668
123,min,0.024747513
123,nar,0.027386552
123,soc,0.024998954
123,mor,0.021919189
123,pos,0.026479075
124,min,0.023290787
124,nar,0.024234468
124,soc,0.026017776
124,mor,0.027321473
124,pos,0.027077464
125,min,0.024423636
125,nar,0.023371125
125,soc,0.026729539
125,mor,0.023129588
125,pos,0.026913943
126,min,0.02693549
126,nar,0.027386552
126,soc,0.023950985
126,mor,0.023264641
126,pos,0.02462033
127,min,0.02614701
127,nar,0.023146167
127,soc,0.026118383
127,mor,0.025441237
127,pos,0.02462033
128,min,0.026446043
128,nar,0.026644776
128,soc,0.025347188
128,mor,0.023129588
128,pos,0.02337139
129,min,0.02314064
129,nar,0.025132151
129,soc,0.027245581
129,mor,0.021919189
129,pos,0.026650526
130,min,0.024644075
130,nar,0.027386552
130,soc,0.025755264
130,mor,0.021919189
130,pos,0.025121607
131,min,0.025183134
131,nar,0.025401322
131,soc,0.025088405
131,mor,0.029331865
131,pos,0.023925638
132,min,0.024090637
132,nar,0.023976326
132,soc,0.027245581
132,mor,0.025441237
132,pos,0.02462033
133,min,0.026870342
133,nar,0.022473441
133,soc,0.02648927
133,mor,0.023264641
133,pos,0.024554582
134,min,0.025727712
134,nar,0.027413443
134,soc,0.023908725
134,mor,0.025441237
134,pos,0.025401322
135,min,0.025743544
135,nar,0.026072526
135,soc,0.024105398
135,mor,0.026978577
135,pos,0.025556475
136,min,0.025267161
136,nar,0.02462211
136,soc,0.025314331
136,mor,0.027321473
136,pos,0.025132151
137,min,0.02373927
137,nar,0.026644776
137,soc,0.0249251
137,mor,0.029331865
137,pos,0.025174582
138,min,0.02554174
138,nar,0.025488948
138,soc,0.026474386
138,mor,0.021919189
138,pos,0.024234468
139,min,0.025806695
139,nar,0.025438003
139,soc,0.025079643
139,mor,0.023129588
139,pos,0.02607227
140,min,0.025743544
140,nar,0.026335947
140,soc,0.024164632
140,mor,0.026978577
140,pos,0.025174582
141,min,0.025518065
141,nar,0.025900818
141,soc,0.025816152
141,mor,0.021919189
141,pos,0.025174582
142,min,0.025747798
142,nar,0.023976326
142,soc,0.027620306
142,mor,0.023027696
142,pos,0.022591913
143,min,0.02457378
143,nar,0.02607227
143,soc,0.025868127
143,mor,0.025441237
143,pos,0.024554582
144,min,0.024168434
144,nar,0.027077464
144,soc,0.024240112
144,mor,0.025441237
144,pos,0.027413443
145,min,0.025831655
145,nar,0.024352938
145,soc,0.025549702
145,mor,0.023027696
145,pos,0.026230725
146,min,0.025564097
146,nar,0.02462211
146,soc,0.025024427
146,mor,0.027848309
146,pos,0.025003135
147,min,0.025266988
147,nar,0.026381353
147,soc,0.024246497
147,mor,0.025979578
147,pos,0.026179777
148,min,0.02554174
148,nar,0.026179777
148,soc,0.024117397
148,mor,0.023264641
148,pos,0.02758489
149,min,0.025342453
149,nar,0.023925638
149,soc,0.024719166
149,mor,0.029331865
149,pos,0.025900818
150,min,0.02373927
150,nar,0.02444888
150,soc,0.025442496
150,mor,0.027848309
150,pos,0.027077464
151,min,0.02554174
151,nar,0.022524389
151,soc,0.025266359
151,mor,0.025979578
151,pos,0.02758489
152,min,0.02619084
152,nar,0.025121607
152,soc,0.025266865
152,mor,0.027848309
152,pos,0.02307864
153,min,0.027382784
153,nar,0.025132151
153,soc,0.02483482
153,mor,0.023129588
153,pos,0.024503639
154,min,0.02691756
154,nar,0.027150026
154,soc,0.023648383
154,mor,0.027848309
154,pos,0.023197114
155,min,0.024509821
155,nar,0.024503639
155,soc,0.025557237
155,mor,0.026978577
155,pos,0.02607227
156,min,0.02614701
156,nar,0.02607227
156,soc,0.02386216
156,mor,0.027848309
156,pos,0.025003135
157,min,0.026549984
157,nar,0.023949385
157,soc,0.025656095
157,mor,0.027321473
157,pos,0.023197114
158,min,0.026549984
158,nar,0.024234468
158,soc,0.025849028
158,mor,0.023129588
158,pos,0.02462211
159,min,0.025831655
159,nar,0.028326668
159,soc,0.025416007
159,mor,0.023129588
159,pos,0.022473441
160,min,0.027049787
160,nar,0.02629825
160,soc,0.02448986
160,mor,0.025441237
160,pos,0.023371125
161,min,0.026366454
161,nar,0.024043852
161,soc,0.024394521
161,mor,0.027321473
161,pos,0.02590108
162,min,0.02354169
162,nar,0.02307864
162,soc,0.027113872
162,mor,0.024823068
162,pos,0.026913943
163,min,0.023642154
163,nar,0.027150026
163,soc,0.026283337
163,mor,0.024823068
163,pos,0.024352938
164,min,0.026870342
164,nar,0.025121607
164,soc,0.023962855
164,mor,0.023027696
164,pos,0.027077721
165,min,0.0259336
165,nar,0.02462211
165,soc,0.026742985
165,mor,0.023129588
165,pos,0.023371125
166,min,0.023642154
166,nar,0.027386552
166,soc,0.024766529
166,mor,0.026978577
166,pos,0.02607227
167,min,0.025414627
167,nar,0.027150026
167,soc,0.025980735
167,mor,0.023264641
167,pos,0.02307864
168,min,0.02513639
168,nar,0.028590089
168,soc,0.024818024
168,mor,0.026978577
168,pos,0.022524389
169,min,0.025618529
169,nar,0.022524389
169,soc,0.025127009
169,mor,0.027321473
169,pos,0.027077464
170,min,0.0245719
170,nar,0.02765572
170,soc,0.024853537
170,mor,0.026978577
170,pos,0.024234468
171,min,0.025312178
171,nar,0.026650526
171,soc,0.024800926
171,mor,0.023027696
171,pos,0.026209906
172,min,0.025854895
172,nar,0.024554582
172,soc,0.025378838
172,mor,0.027848309
172,pos,0.023925638
173,min,0.0241246
173,nar,0.024883749
173,soc,0.026040299
173,mor,0.025441237
173,pos,0.026072526
174,min,0.028052917
174,nar,0.026381353
174,soc,0.024240112
174,mor,0.023264641
174,pos,0.023371125
175,min,0.027334586
175,nar,0.024285411
175,soc,0.02447626
175,mor,0.027321473
175,pos,0.024043852
176,min,0.024838565
176,nar,0.025401583
176,soc,0.02448973
176,mor,0.027321473
176,pos,0.026644776
177,min,0.023642154
177,nar,0.02522553
177,soc,0.025189899
177,mor,0.029331865
177,pos,0.026209906
178,min,0.024423636
178,nar,0.027386552
178,soc,0.02443017
178,mor,0.027321473
178,pos,0.025401322
179,min,0.02569751
179,nar,0.026179777
179,soc,0.024721825
179,mor,0.026978577
179,pos,0.024285411
180,min,0.025163047
180,nar,0.024352938
180,soc,0.025736922
180,mor,0.027848309
180,pos,0.02444888
181,min,0.024687909
181,nar,0.024044111
181,soc,0.025382245
181,mor,0.023027696
181,pos,0.028590089
182,min,0.024537934
182,nar,0.02590108
182,soc,0.023962855
182,mor,0.025441237
182,pos,0.028590089
183,min,0.023945156
183,nar,0.028590089
183,soc,0.0256512
183,mor,0.023027696
183,pos,0.02462033
184,min,0.026374541
184,nar,0.026230725
184,soc,0.024618343
184,mor,0.023027696
184,pos,0.025401322
185,min,0.026037712
185,nar,0.028326668
185,soc,0.02418713
185,mor,0.023129588
185,pos,0.02462211
186,min,0.02637437
186,nar,0.026179777
186,soc,0.025599679
186,mor,0.023264641
186,pos,0.02337139
187,min,0.025091546
187,nar,0.025710406
187,soc,0.025531767
187,mor,0.024823068
187,pos,0.025121607
188,min,0.024090637
188,nar,0.025900818
188,soc,0.025780737
188,mor,0.029331865
188,pos,0.023680212
189,min,0.023335805
189,nar,0.026913943
189,soc,0.026194843
189,mor,0.023129588
189,pos,0.02607227
190,min,0.026423043
190,nar,0.023976326
190,soc,0.02483482
190,mor,0.027321473
190,pos,0.025003135
191,min,0.025312178
191,nar,0.026230725
191,soc,0.025153369
191,mor,0.026978577
191,pos,0.023949385
192,min,0.025266988
192,nar,0.027386552
192,soc,0.025260704
192,mor,0.023027696
192,pos,0.02462211
193,min,0.023866175
193,nar,0.02607227
193,soc,0.025002679
193,mor,0.024823582
193,pos,0.02765572
194,min,0.025267161
194,nar,0.025900818
194,soc,0.026474386
194,mor,0.021919189
194,pos,0.024234468
195,min,0.02471355
195,nar,0.027386552
195,soc,0.025227701
195,mor,0.024823582
195,pos,0.02462033
196,min,0.026756043
196,nar,0.023146167
196,soc,0.026138024
196,mor,0.023129588
196,pos,0.024823323
197,min,0.024423636
197,nar,0.027386552
197,soc,0.025445266
197,mor,0.021919189
197,pos,0.02607227
198,min,0.024509821
198,nar,0.02765572
198,soc,0.025694884
198,mor,0.027321473
198,pos,0.022473441
199,min,0.025618529
199,nar,0.023976326
199,soc,0.026185388
199,mor,0.021919189
199,pos,0.026209906
200,min,0.026711501
200,nar,0.025174582
200,soc,0.025392413
200,mor,0.025441237
200,pos,0.023197114
201,min,0.024061337
201,nar,0.028326668
201,soc,0.0254789
201,mor,0.023027696
201,pos,0.02505408
202,min,0.0259336
202,nar,0.026479075
202,soc,0.025189899
202,mor,0.027321473
202,pos,0.022524389
203,min,0.024668533
203,nar,0.026072526
203,soc,0.02600433
203,mor,0.021919189
203,pos,0.025900818
204,min,0.0245719
204,nar,0.026913943
204,soc,0.024913229
204,mor,0.025441237
204,pos,0.025625527
205,min,0.024644248
205,nar,0.02462033
205,soc,0.024740929
205,mor,0.026978577
205,pos,0.027386552
206,min,0.024123415
206,nar,0.025710406
206,soc,0.0263171
206,mor,0.024823068
206,pos,0.025003135
207,min,0.024240784
207,nar,0.025556475
207,soc,0.024644272
207,mor,0.027321473
207,pos,0.027077464
208,min,0.025328614
208,nar,0.02513241
208,soc,0.025848895
208,mor,0.027848309
208,pos,0.023197114
209,min,0.02614701
209,nar,0.025003135
209,soc,0.025814375
209,mor,0.025441237
209,pos,0.02337139
210,min,0.026664283
210,nar,0.02307864
210,soc,0.024989232
210,mor,0.025979578
210,pos,0.02590108
211,min,0.026144808
211,nar,0.02307864
211,soc,0.025378838
211,mor,0.026978577
211,pos,0.025401583
212,min,0.025228152
212,nar,0.028590089
212,soc,0.024864584
212,mor,0.024823068
212,pos,0.02337139
213,min,0.023290787
213,nar,0.027150026
213,soc,0.025574207
213,mor,0.029331865
213,pos,0.024043852
214,min,0.02632617
214,nar,0.026479075
214,soc,0.023379428
214,mor,0.023264641
214,pos,0.02758489
215,min,0.025312178
215,nar,0.023371125
215,soc,0.02630604
215,mor,0.026978577
215,pos,0.024503639
216,min,0.024863522
216,nar,0.024554582
216,soc,0.026126154
216,mor,0.025441237
216,pos,0.025121607
217,min,0.025407596
217,nar,0.025174582
217,soc,0.02455437
217,mor,0.021919189
217,pos,0.028590089
218,min,0.024610111
218,nar,0.025556475
218,soc,0.025563302
218,mor,0.029331865
218,pos,0.023680212
219,min,0.027877305
219,nar,0.02513241
219,soc,0.025445135
219,mor,0.021919189
219,pos,0.023146167
220,min,0.024959112
220,nar,0.02758489
220,soc,0.025137419
220,mor,0.023027696
220,pos,0.025132151
221,min,0.026216986
221,nar,0.028155217
221,soc,0.023438662
221,mor,0.024823582
221,pos,0.025174582
222,min,0.023335805
222,nar,0.027150026
222,soc,0.025078053
222,mor,0.025979578
222,pos,0.026644776
223,min,0.026711501
223,nar,0.024044111
223,soc,0.025935153
223,mor,0.026978577
223,pos,0.022473441
224,min,0.0245719
224,nar,0.024503639
224,soc,0.02648927
224,mor,0.027848309
224,pos,0.023680212
225,min,0.02354169
225,nar,0.02765572
225,soc,0.025563302
225,mor,0.023027696
225,pos,0.026335688
226,min,0.02437862
226,nar,0.026644776
226,soc,0.023996748
226,mor,0.029331865
226,pos,0.02607227
227,min,0.026217159
227,nar,0.023976326
227,soc,0.024811732
227,mor,0.023264641
227,pos,0.027386552
228,min,0.026041543
228,nar,0.028155217
228,soc,0.023258647
228,mor,0.027848309
228,pos,0.024285411
229,min,0.02443084
229,nar,0.027150026
229,soc,0.024299217
229,mor,0.021919189
229,pos,0.028590089
230,min,0.025249027
230,nar,0.026381353
230,soc,0.025111943
230,mor,0.024823068
230,pos,0.02505408
231,min,0.025967563
231,nar,0.025401583
231,soc,0.024404565
231,mor,0.026978577
231,pos,0.025293058
232,min,0.024464631
232,nar,0.02765572
232,soc,0.025365531
232,mor,0.024823582
232,pos,0.02444888
233,min,0.024863522
233,nar,0.027077721
233,soc,0.024864584
233,mor,0.025441237
233,pos,0.025121607
234,min,0.025242029
234,nar,0.02462033
234,soc,0.02466348
234,mor,0.025441237
234,pos,0.027413443
235,min,0.027364857
235,nar,0.02444888
235,soc,0.025868634
235,mor,0.023264641
235,pos,0.02307864
236,min,0.025518065
236,nar,0.026072526
236,soc,0.02418713
236,mor,0.023129588
236,pos,0.02765572
237,min,0.026037712
237,nar,0.025121607
237,soc,0.024352083
237,mor,0.024823068
237,pos,0.026650526
238,min,0.026446043
238,nar,0.023371125
238,soc,0.02602318
238,mor,0.027321473
238,pos,0.023197114
239,min,0.02354169
239,nar,0.025488948
239,soc,0.0256512
239,mor,0.029331865
239,pos,0.025174582
240,min,0.024509648
240,nar,0.027077721
240,soc,0.024778858
240,mor,0.021919189
240,pos,0.02758489
241,min,0.02443084
241,nar,0.026230725
241,soc,0.024246367
241,mor,0.025979578
241,pos,0.02758489
242,min,0.025057582
242,nar,0.026479075
242,soc,0.02631697
242,mor,0.023129588
242,pos,0.023680212
243,min,0.023335632
243,nar,0.02765572
243,soc,0.026319487
243,mor,0.025441237
243,pos,0.023925638
244,min,0.026769921
244,nar,0.024044111
244,soc,0.025442496
244,mor,0.026978577
244,pos,0.023371125
245,min,0.026037712
245,nar,0.025293058
245,soc,0.026040299
245,mor,0.023129588
245,pos,0.023949385
246,min,0.025761504
246,nar,0.026644776
246,soc,0.02462122
246,mor,0.026978577
246,pos,0.023925638
247,min,0.024943283
247,nar,0.02462211
247,soc,0.02748572
247,mor,0.023129588
247,pos,0.023371125
248,min,0.026030509
248,nar,0.025401322
248,soc,0.024298457
248,mor,0.029331865
248,pos,0.024234468
249,min,0.024054134
249,nar,0.026644776
249,soc,0.024688954
249,mor,0.029331865
249,pos,0.025174582
250,min,0.024687909
250,nar,0.028155217
250,soc,0.025633441
250,mor,0.023027696
250,pos,0.023976585
251,min,0.025022263
251,nar,0.025401322
251,soc,0.026135148
251,mor,0.023027696
251,pos,0.02522553
252,min,0.02619084
252,nar,0.027413443
252,soc,0.024722716
252,mor,0.025441237
252,pos,0.02307864
253,min,0.024258744
253,nar,0.023146167
253,soc,0.025681412
253,mor,0.027321473
253,pos,0.027386552
254,min,0.023911191
254,nar,0.023371125
254,soc,0.025695013
254,mor,0.027321473
254,pos,0.02765572
255,min,0.02514917
255,nar,0.025556475
255,soc,0.026574994
255,mor,0.021919189
255,pos,0.024554582
256,min,0.024240611
256,nar,0.024234468
256,soc,0.027331308
256,mor,0.023129588
256,pos,0.025121607
257,min,0.02604137
257,nar,0.024044111
257,soc,0.026135148
257,mor,0.023027696
257,pos,0.02505408
258,min,0.0241246
258,nar,0.028326668
258,soc,0.02506777
258,mor,0.021919189
258,pos,0.026335688
259,min,0.023945156
259,nar,0.02765572
259,soc,0.02566941
259,mor,0.024823582
259,pos,0.02462033
260,min,0.025091546
260,nar,0.025900818
260,soc,0.02512382
260,mor,0.023027696
260,pos,0.026644776
261,min,0.026076542
261,nar,0.02607227
261,soc,0.024920946
261,mor,0.025979578
261,pos,0.023925638
262,min,0.026192026
262,nar,0.02307864
262,soc,0.026141087
262,mor,0.021919189
262,pos,0.026335947
263,min,0.025057582
263,nar,0.023371125
263,soc,0.026220316
263,mor,0.025979578
263,pos,0.025556475
264,min,0.025854895
264,nar,0.027077721
264,soc,0.024105398
264,mor,0.025979578
264,pos,0.024883749
265,min,0.026580429
265,nar,0.023146167
265,soc,0.026269734
265,mor,0.024823068
265,pos,0.023976585
266,min,0.026446043
266,nar,0.024554582
266,soc,0.025344314
266,mor,0.024823582
266,pos,0.02462033
267,min,0.026065826
267,nar,0.024044111
267,soc,0.024800926
267,mor,0.026978577
267,pos,0.025710406
268,min,0.028167214
268,nar,0.024554582
268,soc,0.023258775
268,mor,0.025441237
268,pos,0.025900818
269,min,0.02457361
269,nar,0.02765572
269,soc,0.02531068
269,mor,0.023264641
269,pos,0.025174582
270,min,0.024959112
270,nar,0.02607227
270,soc,0.025137419
270,mor,0.027848309
270,pos,0.024234468
271,min,0.026133131
271,nar,0.028590089
271,soc,0.023284249
271,mor,0.023027696
271,pos,0.02607227
272,min,0.02691756
272,nar,0.023371125
272,soc,0.025537828
272,mor,0.023129588
272,pos,0.025556475
273,min,0.02691756
273,nar,0.027413443
273,soc,0.024575455
273,mor,0.024823582
273,pos,0.022591913
274,min,0.026423043
274,nar,0.024044111
274,soc,0.024837205
274,mor,0.029331865
274,pos,0.02392538
275,min,0.026041543
275,nar,0.023146167
275,soc,0.024955466
275,mor,0.024823068
275,pos,0.027413443
276,min,0.028052917
276,nar,0.02607227
276,soc,0.023996748
276,mor,0.023027696
276,pos,0.024285411
277,min,0.024464631
277,nar,0.028155217
277,soc,0.024609348
277,mor,0.025979578
277,pos,0.024883749
278,min,0.02554174
278,nar,0.028326668
278,soc,0.023379428
278,mor,0.023264641
278,pos,0.026913943
279,min,0.02693549
279,nar,0.024285411
279,soc,0.026185388
279,mor,0.021919189
279,pos,0.02392538
280,min,0.025358211
280,nar,0.023976326
280,soc,0.025574207
280,mor,0.023264641
280,pos,0.027150026
281,min,0.02408945
281,nar,0.02590108
281,soc,0.024164632
281,mor,0.029331865
281,pos,0.026913943
282,min,0.024430668
282,nar,0.02462033
282,soc,0.026017776
282,mor,0.023129588
282,pos,0.027077721
283,min,0.024610285
283,nar,0.027150026
283,soc,0.025557237
283,mor,0.024823068
283,pos,0.024352938
284,min,0.02632617
284,nar,0.025556475
284,soc,0.02447626
284,mor,0.023129588
284,pos,0.026381353
285,min,0.024610285
285,nar,0.022591913
285,soc,0.026220316
285,mor,0.027321473
285,pos,0.026335688
286,min,0.025183134
286,nar,0.027077721
286,soc,0.025365531
286,mor,0.024823068
286,pos,0.023949385
287,min,0.023256823
287,nar,0.025132151
287,soc,0.026855847
287,mor,0.023129588
287,pos,0.026650526
288,min,0.02385528
288,nar,0.023197114
288,soc,0.026430214
288,mor,0.023027696
288,pos,0.028590089
289,min,0.024610111
289,nar,0.02462033
289,soc,0.02416476
289,mor,0.027848309
289,pos,0.028155217
290,min,0.024061166
290,nar,0.025003135
290,soc,0.025137419
290,mor,0.025979578
290,pos,0.02758489
291,min,0.02725056
291,nar,0.024554582
291,soc,0.025029168
291,mor,0.024823582
291,pos,0.024043852
292,min,0.02385528
292,nar,0.028590089
292,soc,0.024678037
292,mor,0.023129588
292,pos,0.026650526
293,min,0.025861926
293,nar,0.02590108
293,soc,0.024385845
293,mor,0.027848309
293,pos,0.024554582
294,min,0.024446668
294,nar,0.023146167
294,soc,0.026742985
294,mor,0.029331865
294,pos,0.023976326
295,min,0.024759583
295,nar,0.026913943
295,soc,0.025093244
295,mor,0.023264641
295,pos,0.02607227
296,min,0.024644075
296,nar,0.02444888
296,soc,0.026861249
296,mor,0.023027696
296,pos,0.025293058
297,min,0.02619084
297,nar,0.025438003
297,soc,0.024877131
297,mor,0.026978577
297,pos,0.023976585
298,min,0.024644075
298,nar,0.026072526
298,soc,0.02401496
298,mor,0.025441237
298,pos,0.028155217
299,min,0.024977075
299,nar,0.022591913
299,soc,0.02635865
299,mor,0.025979578
299,pos,0.026179777
300,min,0.025208063
300,nar,0.026335688
300,soc,0.025313556
300,mor,0.025441237
300,pos,0.02444888
301,min,0.025073413
301,nar,0.025556475
301,soc,0.025232596
301,mor,0.026978577
301,pos,0.024823323
302,min,0.027334414
302,nar,0.02462033
302,soc,0.024240112
302,mor,0.023264641
302,pos,0.026209906
303,min,0.026216986
303,nar,0.022473441
303,soc,0.026690373
303,mor,0.023264641
303,pos,0.02513241
304,min,0.02505741
304,nar,0.024285411
304,soc,0.02483482
304,mor,0.027848309
304,pos,0.026479075
305,min,0.023335632
305,nar,0.027077721
305,soc,0.025114333
305,mor,0.025441237
305,pos,0.026913943
306,min,0.025136564
306,nar,0.024883749
306,soc,0.025970569
306,mor,0.024823068
306,pos,0.025003135
307,min,0.025473047
307,nar,0.023949385
307,soc,0.025596937
307,mor,0.024823582
307,pos,0.026179777
308,min,0.026870342
308,nar,0.023146167
308,soc,0.02492523
308,mor,0.029331865
308,pos,0.023976326
309,min,0.02535804
309,nar,0.026381353
309,soc,0.024996294
309,mor,0.024823582
309,pos,0.025121607
310,min,0.025057582
310,nar,0.026209906
310,soc,0.0244638
310,mor,0.023129588
310,pos,0.02765572
311,min,0.026030509
311,nar,0.026072526
311,soc,0.025078053
311,mor,0.021919189
311,pos,0.025710406
312,min,0.025414627
312,nar,0.02462033
312,soc,0.026822083
312,mor,0.023027696
312,pos,0.024044111
313,min,0.0241246
313,nar,0.025132151
313,soc,0.025849028
313,mor,0.023027696
313,pos,0.027413443
314,min,0.024009116
314,nar,0.024043852
314,soc,0.027620306
314,mor,0.024823582
314,pos,0.024234468
315,min,0.024893966
315,nar,0.02629825
315,soc,0.02522783
315,mor,0.024823068
315,pos,0.025438003
316,min,0.02422478
316,nar,0.024285411
316,soc,0.026724136
316,mor,0.025979578
316,pos,0.024883749
317,min,0.02367612
317,nar,0.027077464
317,soc,0.025365531
317,mor,0.026978577
317,pos,0.02513241
318,min,0.02506958
318,nar,0.028155217
318,soc,0.025024427
318,mor,0.023264641
318,pos,0.024503639
319,min,0.026366454
319,nar,0.024352938
319,soc,0.024998954
319,mor,0.023129588
319,pos,0.026479075
320,min,0.026113043
320,nar,0.026335688
320,soc,0.024367146
320,mor,0.024823582
320,pos,0.025293058
321,min,0.027334414
321,nar,0.022473441
321,soc,0.02470351
321,mor,0.024823582
321,pos,0.026650526
322,min,0.02471355
322,nar,0.024285411
322,soc,0.025260704
322,mor,0.029331865
322,pos,0.025401322
323,min,0.02494311
323,nar,0.025710406
323,soc,0.02542553
323,mor,0.024823582
323,pos,0.025556475
324,min,0.025967563
324,nar,0.024043852
324,soc,0.025142664
324,mor,0.027321473
324,pos,0.025003135
325,min,0.026423043
325,nar,0.022524389
325,soc,0.025148096
325,mor,0.024823068
325,pos,0.027077721
326,min,0.022692157
326,nar,0.028326668
326,soc,0.026407382
326,mor,0.025441237
326,pos,0.024044111
327,min,0.026480008
327,nar,0.025293058
327,soc,0.025868634
327,mor,0.023027696
327,pos,0.023680212
328,min,0.02604137
328,nar,0.023976585
328,soc,0.025279805
328,mor,0.021919189
328,pos,0.027386552
329,min,0.02632617
329,nar,0.025003135
329,soc,0.025767138
329,mor,0.023264641
329,pos,0.024285411
330,min,0.02434405
330,nar,0.027077464
330,soc,0.024394521
330,mor,0.027321473
330,pos,0.02590108
331,min,0.025473047
331,nar,0.025401322
331,soc,0.024187261
331,mor,0.027321473
331,pos,0.02629825
332,min,0.02471355
332,nar,0.023680212
332,soc,0.025816152
332,mor,0.024823068
332,pos,0.027150026
333,min,0.02592707
333,nar,0.026335947
333,soc,0.024427399
333,mor,0.023264641
333,pos,0.026230725
334,min,0.0254148
334,nar,0.028590089
334,soc,0.024811732
334,mor,0.024823068
334,pos,0.023197114
335,min,0.02725056
335,nar,0.026072526
335,soc,0.023547774
335,mor,0.027848309
335,pos,0.023976326
336,min,0.02457378
336,nar,0.02392538
336,soc,0.027620306
336,mor,0.023129588
336,pos,0.024352938
337,min,0.02693549
337,nar,0.024823323
337,soc,0.024427399
337,mor,0.023129588
337,pos,0.02629825
338,min,0.025358211
338,nar,0.02758489
338,soc,0.024838096
338,mor,0.025441237
338,pos,0.02392538
339,min,0.023660287
339,nar,0.027386552
339,soc,0.023996621
339,mor,0.027321473
339,pos,0.027413443
340,min,0.024430668
340,nar,0.026913943
340,soc,0.02545929
340,mor,0.024823582
340,pos,0.02505408
341,min,0.02526347
341,nar,0.026335688
341,soc,0.025339803
341,mor,0.025979578
341,pos,0.024044111
342,min,0.027877305
342,nar,0.02513241
342,soc,0.02393738
342,mor,0.027848309
342,pos,0.023197114
343,min,0.025761504
343,nar,0.026335947
343,soc,0.024486637
343,mor,0.023027696
343,pos,0.026479075
344,min,0.025091372
344,nar,0.023146167
344,soc,0.025142664
344,mor,0.029331865
344,pos,0.026209906
345,min,0.02535804
345,nar,0.025488948
345,soc,0.02487726
345,mor,0.026978577
345,pos,0.025174582
346,min,0.024668533
346,nar,0.025900818
346,soc,0.026474386
346,mor,0.024823582
346,pos,0.023680212
347,min,0.026216986
347,nar,0.025174582
347,soc,0.025763303
347,mor,0.025441237
347,pos,0.023197114
348,min,0.026756043
348,nar,0.023949385
348,soc,0.025078053
348,mor,0.024823582
348,pos,0.025293058
349,min,0.024537934
349,nar,0.023976585
349,soc,0.025079643
349,mor,0.029331865
349,pos,0.026335688
350,min,0.024054134
350,nar,0.027077721
350,soc,0.024996294
350,mor,0.025441237
350,pos,0.02607227
351,min,0.026065826
351,nar,0.025625527
351,soc,0.025266865
351,mor,0.023264641
351,pos,0.02505408
352,min,0.02457361
352,nar,0.02307864
352,soc,0.02715025
352,mor,0.024823582
352,pos,0.025293058
353,min,0.02604137
353,nar,0.02444888
353,soc,0.025285207
353,mor,0.023264641
353,pos,0.026230725
354,min,0.024959112
354,nar,0.026072526
354,soc,0.025111815
354,mor,0.027848309
354,pos,0.024285411
355,min,0.025439082
355,nar,0.024823323
355,soc,0.025676167
355,mor,0.027321473
355,pos,0.023949385
356,min,0.02513639
356,nar,0.02590108
356,soc,0.026269734
356,mor,0.025441237
356,pos,0.02307864
357,min,0.025233198
357,nar,0.02462211
357,soc,0.025563175
357,mor,0.029331865
357,pos,0.023680212
358,min,0.026065826
358,nar,0.02590108
358,soc,0.023438662
358,mor,0.029331865
358,pos,0.025401322
359,min,0.028167214
359,nar,0.023925638
359,soc,0.02440091
359,mor,0.025979578
359,pos,0.023976326
360,min,0.024509648
360,nar,0.023976585
360,soc,0.026044264
360,mor,0.029331865
360,pos,0.02444888
361,min,0.025312008
361,nar,0.026479075
361,soc,0.023225015
361,mor,0.025441237
361,pos,0.028326668
362,min,0.025208063
362,nar,0.026381353
362,soc,0.025445266
362,mor,0.021919189
362,pos,0.025900818
363,min,0.024240611
363,nar,0.024352938
363,soc,0.02524604
363,mor,0.024823582
363,pos,0.028326668
364,min,0.024061166
364,nar,0.025174582
364,soc,0.02522783
364,mor,0.027848309
364,pos,0.02629825
365,min,0.0271588
365,nar,0.022591913
365,soc,0.025574207
365,mor,0.023129588
365,pos,0.02590108
366,min,0.02494311
366,nar,0.02462211
366,soc,0.024584582
366,mor,0.029331865
366,pos,0.026072526
367,min,0.023462707
367,nar,0.028590089
367,soc,0.025886066
367,mor,0.024823582
367,pos,0.023976326
368,min,0.024509648
368,nar,0.023949385
368,soc,0.025780737
368,mor,0.029331865
368,pos,0.025003135
369,min,0.025656039
369,nar,0.025488948
369,soc,0.024812622
369,mor,0.025441237
369,pos,0.025625527
370,min,0.025442915
370,nar,0.025132151
370,soc,0.025339803
370,mor,0.024823582
370,pos,0.025556475
371,min,0.02592707
371,nar,0.026072526
371,soc,0.025591
371,mor,0.025441237
371,pos,0.02307864
372,min,0.024430668
372,nar,0.02505408
372,soc,0.026103502
372,mor,0.024823582
372,pos,0.025625527
373,min,0.02422478
373,nar,0.026381353
373,soc,0.025373565
373,mor,0.023129588
373,pos,0.026913943
374,min,0.024303764
374,nar,0.026479075
374,soc,0.02643775
374,mor,0.021919189
374,pos,0.025174582
375,min,0.024863522
375,nar,0.025293058
375,soc,0.0263549
375,mor,0.023027696
375,pos,0.02513241
376,min,0.023256652
376,nar,0.027413443
376,soc,0.026394067
376,mor,0.023264641
376,pos,0.02522553
377,min,0.023660287
377,nar,0.026913943
377,soc,0.02672941
377,mor,0.021919189
377,pos,0.025121607
378,min,0.025442915
378,nar,0.025556475
378,soc,0.024212604
378,mor,0.029331865
378,pos,0.02513241
379,min,0.026192026
379,nar,0.026644776
379,soc,0.02376376
379,mor,0.024823582
379,pos,0.02607227
380,min,0.02614701
380,nar,0.024234468
380,soc,0.026118383
380,mor,0.027321473
380,pos,0.022591913
381,min,0.024747513
381,nar,0.02765572
381,soc,0.025153369
381,mor,0.021919189
381,pos,0.02590108
382,min,0.02691756
382,nar,0.02444888
382,soc,0.024740929
382,mor,0.023129588
382,pos,0.026072526
383,min,0.023721136
383,nar,0.02392538
383,soc,0.026897399
383,mor,0.024823582
383,pos,0.026230725
384,min,0.024464805
384,nar,0.025003135
384,soc,0.025591
384,mor,0.025979578
384,pos,0.02607227
385,min,0.0245719
385,nar,0.023371125
385,soc,0.026412278
385,mor,0.025979578
385,pos,0.02590108
386,min,0.025208063
386,nar,0.023976585
386,soc,0.026897399
386,mor,0.025979578
386,pos,0.023371125
387,min,0.02514917
387,nar,0.022524389
387,soc,0.026706705
387,mor,0.025979578
387,pos,0.025293058
388,min,0.023496673
388,nar,0.025438003
388,soc,0.024972463
388,mor,0.025979578
388,pos,0.028326668
389,min,0.02314064
389,nar,0.026335947
389,soc,0.027018538
389,mor,0.021919189
389,pos,0.025900818
390,min,0.027364857
390,nar,0.02337139
390,soc,0.025227701
390,mor,0.027848309
390,pos,0.023146167
391,min,0.024747513
391,nar,0.023371125
391,soc,0.027018538
391,mor,0.023027696
391,pos,0.02590108
392,min,0.022737175
392,nar,0.028326668
392,soc,0.025695013
392,mor,0.025979578
392,pos,0.025132151
393,min,0.028052917
393,nar,0.023925638
393,soc,0.025501734
393,mor,0.021919189
393,pos,0.023976326
394,min,0.026037538
394,nar,0.022473441
394,soc,0.026185388
394,mor,0.025979578
394,pos,0.02505408
395,min,0.02367612
395,nar,0.026644776
395,soc,0.026040299
395,mor,0.024823582
395,pos,0.025293058
396,min,0.024423636
396,nar,0.028590089
396,soc,0.02517884
396,mor,0.021919189
396,pos,0.025401583
397,min,0.02481617
397,nar,0.026072526
397,soc,0.024212604
397,mor,0.027848309
397,pos,0.02629825
398,min,0.026560344
398,nar,0.026335688
398,soc,0.0238284
398,mor,0.026978577
398,pos,0.02462211
399,min,0.025091372
399,nar,0.027386552
399,soc,0.025681412
399,mor,0.023264641
399,pos,0.023925638
400,min,0.024895154
400,nar,0.024823323
400,soc,0.024943441
400,mor,0.023129588
400,pos,0.028326668
401,min,0.025854895
401,nar,0.022473441
401,soc,0.025445266
401,mor,0.025441237
401,pos,0.027077464
402,min,0.025518065
402,nar,0.024554582
402,soc,0.026387775
402,mor,0.023027696
402,pos,0.024823323
403,min,0.024123415
403,nar,0.024823323
403,soc,0.024895469
403,mor,0.026978577
403,pos,0.02765572
404,min,0.026532227
404,nar,0.026479075
404,soc,0.0244638
404,mor,0.023027696
404,pos,0.02522553
405,min,0.024610285
405,nar,0.025293058
405,soc,0.025546826
405,mor,0.029331865
405,pos,0.023976326
406,min,0.025473047
406,nar,0.024503639
406,soc,0.02483469
406,mor,0.024823582
406,pos,0.027150026
407,min,0.027044673
407,nar,0.023949385
407,soc,0.024920946
407,mor,0.027321473
407,pos,0.02392538
408,min,0.025091546
408,nar,0.02392538
408,soc,0.024535494
408,mor,0.029331865
408,pos,0.026644776
409,min,0.025242029
409,nar,0.02392538
409,soc,0.02602318
409,mor,0.021919189
409,pos,0.027150026
410,min,0.027334414
410,nar,0.026381353
410,soc,0.024535494
410,mor,0.023027696
410,pos,0.023976585
411,min,0.024299031
411,nar,0.026381353
411,soc,0.0267784
411,mor,0.024823068
411,pos,0.023146167
412,min,0.025233025
412,nar,0.022524389
412,soc,0.025347317
412,mor,0.026978577
412,pos,0.027386552
413,min,0.027382784
413,nar,0.024043852
413,soc,0.025090054
413,mor,0.024823582
413,pos,0.024234468
414,min,0.02457361
414,nar,0.028326668
414,soc,0.02474106
414,mor,0.023129588
414,pos,0.025710406
415,min,0.026664456
415,nar,0.024043852
415,soc,0.024929995
415,mor,0.026978577
415,pos,0.024554582
416,min,0.025951527
416,nar,0.023197114
416,soc,0.027018538
416,mor,0.024823582
416,pos,0.023371125
417,min,0.024959112
417,nar,0.02307864
417,soc,0.02573405
417,mor,0.023264641
417,pos,0.028326668
418,min,0.025228152
418,nar,0.024823323
418,soc,0.025064582
418,mor,0.027848309
418,pos,0.02522553
419,min,0.025267161
419,nar,0.023146167
419,soc,0.026643684
419,mor,0.021919189
419,pos,0.026650526
420,min,0.024509821
420,nar,0.02444888
420,soc,0.027331179
420,mor,0.023027696
420,pos,0.024554582
421,min,0.025806524
421,nar,0.025438003
421,soc,0.025852302
421,mor,0.021919189
421,pos,0.02513241
422,min,0.026759874
422,nar,0.025556475
422,soc,0.025224427
422,mor,0.023027696
422,pos,0.024285411
423,min,0.028167214
423,nar,0.025900818
423,soc,0.02413929
423,mor,0.021919189
423,pos,0.024554582
424,min,0.025761504
424,nar,0.026072526
424,soc,0.02535677
424,mor,0.027848309
424,pos,0.022591913
425,min,0.024464631
425,nar,0.02758489
425,soc,0.024775581
425,mor,0.023264641
425,pos,0.026479075
426,min,0.025029296
426,nar,0.023197114
426,soc,0.02595854
426,mor,0.027321473
426,pos,0.025625527
427,min,0.024464631
427,nar,0.026335947
427,soc,0.025148096
427,mor,0.029331865
427,pos,0.023949385
428,min,0.024759583
428,nar,0.024043852
428,soc,0.024843493
428,mor,0.027321473
428,pos,0.027413443
429,min,0.025618529
429,nar,0.02607227
429,soc,0.024549095
429,mor,0.021919189
429,pos,0.027386552
430,min,0.024959112
430,nar,0.027077464
430,soc,0.025178969
430,mor,0.023264641
430,pos,0.025438003
431,min,0.02354169
431,nar,0.026650526
431,soc,0.026118383
431,mor,0.029331865
431,pos,0.02307864
432,min,0.0259336
432,nar,0.02607227
432,soc,0.025305279
432,mor,0.025979578
432,pos,0.02337139
433,min,0.026664456
433,nar,0.028155217
433,soc,0.023258647
433,mor,0.025441237
433,pos,0.024554582
434,min,0.025266988
434,nar,0.02590108
434,soc,0.024486637
434,mor,0.023027696
434,pos,0.02765572
435,min,0.025029296
435,nar,0.023949385
435,soc,0.02517357
435,mor,0.023027696
435,pos,0.028590089
436,min,0.024793547
436,nar,0.025401322
436,soc,0.02534444
436,mor,0.027321473
436,pos,0.025003135
437,min,0.024977075
437,nar,0.023925638
437,soc,0.026474386
437,mor,0.027848309
437,pos,0.023680212
438,min,0.02514917
438,nar,0.025625527
438,soc,0.025736922
438,mor,0.023264641
438,pos,0.025488948
439,min,0.028052917
439,nar,0.024285411
439,soc,0.02466348
439,mor,0.023264641
439,pos,0.02462033
440,min,0.023335632
440,nar,0.02590108
440,soc,0.02690781
440,mor,0.025441237
440,pos,0.024503639
441,min,0.026639324
441,nar,0.023925638
441,soc,0.024790516
441,mor,0.027848309
441,pos,0.024554582
442,min,0.024240784
442,nar,0.028590089
442,soc,0.025153369
442,mor,0.023264641
442,pos,0.02505408
443,min,0.024537934
443,nar,0.023976585
443,soc,0.026778271
443,mor,0.021919189
443,pos,0.026644776
444,min,0.025927246
444,nar,0.027386552
444,soc,0.025814375
444,mor,0.021919189
444,pos,0.02307864
445,min,0.025618529
445,nar,0.028326668
445,soc,0.024251768
445,mor,0.023129588
445,pos,0.025121607
446,min,0.0254148
446,nar,0.028590089
446,soc,0.025537701
446,mor,0.023264641
446,pos,0.022524389
447,min,0.025057582
447,nar,0.022524389
447,soc,0.025805615
447,mor,0.023264641
447,pos,0.028590089
448,min,0.023911191
448,nar,0.023949385
448,soc,0.0260659
448,mor,0.024823068
448,pos,0.02758489
449,min,0.026012579
449,nar,0.026072526
449,soc,0.023962855
449,mor,0.023027696
449,pos,0.027413443
450,min,0.027719919
450,nar,0.02607227
450,soc,0.023284249
450,mor,0.026978577
450,pos,0.024234468
451,min,0.02367612
451,nar,0.025293058
451,soc,0.026257863
451,mor,0.026978577
451,pos,0.025132151
452,min,0.024240611
452,nar,0.026230725
452,soc,0.024763761
452,mor,0.024823582
452,pos,0.027413443
453,min,0.023290787
453,nar,0.026381353
453,soc,0.026606098
453,mor,0.026978577
453,pos,0.02392538
454,min,0.0259336
454,nar,0.026335947
454,soc,0.024299217
454,mor,0.021919189
454,pos,0.027150026
455,min,0.025163047
455,nar,0.022591913
455,soc,0.026742855
455,mor,0.025979578
455,pos,0.02513241
456,min,0.026192026
456,nar,0.025174582
456,soc,0.024367146
456,mor,0.024823582
456,pos,0.026335688
457,min,0.025747798
457,nar,0.023371125
457,soc,0.026103502
457,mor,0.029331865
457,pos,0.02307864
458,min,0.02505741
458,nar,0.024285411
458,soc,0.025479028
458,mor,0.029331865
458,pos,0.02444888
459,min,0.024168434
459,nar,0.02513241
459,soc,0.024707163
459,mor,0.026978577
459,pos,0.02765572
460,min,0.024061337
460,nar,0.026650526
460,soc,0.025728649
460,mor,0.029331865
460,pos,0.02307864
461,min,0.024265066
461,nar,0.023976585
461,soc,0.026099533
461,mor,0.025441237
461,pos,0.026650526
462,min,0.025521897
462,nar,0.025003135
462,soc,0.026861249
462,mor,0.021919189
462,pos,0.023976326
463,min,0.024863696
463,nar,0.02522553
463,soc,0.024428288
463,mor,0.026978577
463,pos,0.027077464
464,min,0.026769921
464,nar,0.022591913
464,soc,0.026275672
464,mor,0.024823582
464,pos,0.024234468
465,min,0.024509648
465,nar,0.02462033
465,soc,0.025816152
465,mor,0.023027696
465,pos,0.027413443
466,min,0.02632617
466,nar,0.023197114
466,soc,0.025909679
466,mor,0.026978577
466,pos,0.023949385
467,min,0.02572754
467,nar,0.02337139
467,soc,0.026319487
467,mor,0.025979578
467,pos,0.024352938
468,min,0.02554174
468,nar,0.025488948
468,soc,0.025442496
468,mor,0.021919189
468,pos,0.02629825
469,min,0.024838565
469,nar,0.026644776
469,soc,0.025227701
469,mor,0.023027696
469,pos,0.026072526
470,min,0.02354169
470,nar,0.023925638
470,soc,0.027620306
470,mor,0.024823068
470,pos,0.02505408
471,min,0.025091546
471,nar,0.024503639
471,soc,0.02483469
471,mor,0.026978577
471,pos,0.026644776
472,min,0.024689266
472,nar,0.02522553
472,soc,0.025823953
472,mor,0.029331865
472,pos,0.023371125
473,min,0.024258744
473,nar,0.022473441
473,soc,0.026932813
473,mor,0.027321473
473,pos,0.025556475
474,min,0.025521897
474,nar,0.025625527
474,soc,0.026118383
474,mor,0.025441237
474,pos,0.02307864
475,min,0.024863696
475,nar,0.023146167
475,soc,0.026141087
475,mor,0.029331865
475,pos,0.024554582
476,min,0.025073413
476,nar,0.025003135
476,soc,0.025344314
476,mor,0.024823582
476,pos,0.026230725
477,min,0.02637437
477,nar,0.024554582
477,soc,0.0263171
477,mor,0.021919189
477,pos,0.024234468
478,min,0.02540641
478,nar,0.023197114
478,soc,0.026861122
478,mor,0.024823582
478,pos,0.024503639
479,min,0.024959112
479,nar,0.025438003
479,soc,0.026151627
479,mor,0.025441237
479,pos,0.024043852
480,min,0.024299031
480,nar,0.02765572
480,soc,0.02560234
480,mor,0.026978577
480,pos,0.023146167
481,min,0.02513639
481,nar,0.023925638
481,soc,0.026932813
481,mor,0.027848309
481,pos,0.022524389
482,min,0.026217159
482,nar,0.024352938
482,soc,0.024272854
482,mor,0.026978577
482,pos,0.026230725
483,min,0.02572754
483,nar,0.02513241
483,soc,0.02462122
483,mor,0.023129588
483,pos,0.027413443
484,min,0.024464631
484,nar,0.026335947
484,soc,0.025650695
484,mor,0.027321473
484,pos,0.023949385
485,min,0.026012579
485,nar,0.026479075
485,soc,0.025331765
485,mor,0.021919189
485,pos,0.024823323
486,min,0.024668533
486,nar,0.02765572
486,soc,0.02575148
486,mor,0.024823068
486,pos,0.02337139
487,min,0.024644248
487,nar,0.024043852
487,soc,0.025546826
487,mor,0.029331865
487,pos,0.025174582
488,min,0.026113043
488,nar,0.026644776
488,soc,0.024212604
488,mor,0.024823582
488,pos,0.025293058
489,min,0.024838565
489,nar,0.027150026
489,soc,0.025419792
489,mor,0.024823068
489,pos,0.024285411
490,min,0.02505741
490,nar,0.02629825
490,soc,0.025382245
490,mor,0.027848309
490,pos,0.02337139
491,min,0.023660116
491,nar,0.027386552
491,soc,0.025767138
491,mor,0.023264641
491,pos,0.02590108
492,min,0.025518065
492,nar,0.026650526
492,soc,0.024801055
492,mor,0.026978577
492,pos,0.02392538
493,min,0.024644075
493,nar,0.02629825
493,soc,0.025755264
493,mor,0.026978577
493,pos,0.023680212
494,min,0.026480008
494,nar,0.024503639
494,soc,0.025088405
494,mor,0.024823582
494,pos,0.025132151
495,min,0.025727712
495,nar,0.02607227
495,soc,0.024117397
495,mor,0.026978577
495,pos,0.025556475
496,min,0.024509821
496,nar,0.025488948
496,soc,0.027113743
496,mor,0.023027696
496,pos,0.023949385
497,min,0.026480008
497,nar,0.026335688
497,soc,0.024818024
497,mor,0.027321473
497,pos,0.022591913
498,min,0.028167214
498,nar,0.022591913
498,soc,0.024239982
498,mor,0.024823582
498,pos,0.026209906
499,min,0.024123415
499,nar,0.026335688
499,soc,0.025202358
499,mor,0.029331865
499,pos,0.024352938
500,min,0.022692157
500,nar,0.02590108
500,soc,0.025814375
500,mor,0.025979578
500,pos,0.027386552
501,min,0.02614701
501,nar,0.025900818
501,soc,0.024272984
501,mor,0.023264641
501,pos,0.026644776
502,min,0.022692157
502,nar,0.026072526
502,soc,0.02602305
502,mor,0.023264641
502,pos,0.028155217
503,min,0.027158972
503,nar,0.02307864
503,soc,0.026017776
503,mor,0.021919189
503,pos,0.025132151
504,min,0.0271588
504,nar,0.026209906
504,soc,0.025142664
504,mor,0.023129588
504,pos,0.023146167
505,min,0.023705132
505,nar,0.026479075
505,soc,0.025935153
505,mor,0.029331865
505,pos,0.02337139
506,min,0.025727712
506,nar,0.026913943
506,soc,0.024548965
506,mor,0.027321473
506,pos,0.023680212
507,min,0.024977248
507,nar,0.025438003
507,soc,0.024540767
507,mor,0.023264641
507,pos,0.028326668
508,min,0.025442915
508,nar,0.024883749
508,soc,0.025676167
508,mor,0.024823582
508,pos,0.025132151
509,min,0.027430005
509,nar,0.02758489
509,soc,0.023284249
509,mor,0.025441237
509,pos,0.02392538
510,min,0.027158972
510,nar,0.022524389
510,soc,0.02413916
510,mor,0.026978577
510,pos,0.026913943
511,min,0.0271588
511,nar,0.024503639
511,soc,0.024212733
511,mor,0.027848309
511,pos,0.024352938
512,min,0.024644075
512,nar,0.026335947
512,soc,0.024427399
512,mor,0.026978577
512,pos,0.02629825
513,min,0.024895154
513,nar,0.023925638
513,soc,0.026151499
513,mor,0.021919189
513,pos,0.027413443
514,min,0.026030509
514,nar,0.025710406
514,soc,0.024272984
514,mor,0.023129588
514,pos,0.027077464
515,min,0.02540641
515,nar,0.027077464
515,soc,0.024920946
515,mor,0.025979578
515,pos,0.023925638
516,min,0.024850136
516,nar,0.02629825
516,soc,0.025755137
516,mor,0.021919189
516,pos,0.02590108
517,min,0.02513639
517,nar,0.02337139
517,soc,0.024394521
517,mor,0.026978577
517,pos,0.028590089
518,min,0.024863522
518,nar,0.025174582
518,soc,0.025291832
518,mor,0.026978577
518,pos,0.025401583
519,min,0.024009116
519,nar,0.025438003
519,soc,0.02589134
519,mor,0.023264641
519,pos,0.027077721
520,min,0.024863696
520,nar,0.025900818
520,soc,0.024688445
520,mor,0.027321473
520,pos,0.025710406
521,min,0.026076542
521,nar,0.025488948
521,soc,0.025442496
521,mor,0.023264641
521,pos,0.024823323
522,min,0.024061337
522,nar,0.024043852
522,soc,0.02595854
522,mor,0.029331865
522,pos,0.02522553
523,min,0.02536258
523,nar,0.025438003
523,soc,0.02571533
523,mor,0.024823068
523,pos,0.02462033
524,min,0.025249027
524,nar,0.025900818
524,soc,0.025656095
524,mor,0.023129588
524,pos,0.025293058
525,min,0.025951527
525,nar,0.02629825
525,soc,0.02517884
525,mor,0.024823582
525,pos,0.023949385
526,min,0.02535804
526,nar,0.027150026
526,soc,0.025479028
526,mor,0.025441237
526,pos,0.02307864
527,min,0.024423636
527,nar,0.02337139
527,soc,0.027018538
527,mor,0.024823068
527,pos,0.025488948
528,min,0.026594305
528,nar,0.024883749
528,soc,0.024273744
528,mor,0.024823582
528,pos,0.026209906
529,min,0.027719919
529,nar,0.02590108
529,soc,0.023862034
529,mor,0.023027696
529,pos,0.02522553
530,min,0.026560344
530,nar,0.026209906
530,soc,0.023962855
530,mor,0.023264641
530,pos,0.026335947
531,min,0.024977075
531,nar,0.026913943
531,soc,0.024929995
531,mor,0.023264641
531,pos,0.026072526
532,min,0.025407596
532,nar,0.026072526
532,soc,0.024352083
532,mor,0.027848309
532,pos,0.025132151
533,min,0.025747625
533,nar,0.02758489
533,soc,0.024688445
533,mor,0.024823582
533,pos,0.023949385
534,min,0.026870342
534,nar,0.024043852
534,soc,0.025090054
534,mor,0.026978577
534,pos,0.023925638
535,min,0.024959112
535,nar,0.026335947
535,soc,0.025681438
535,mor,0.027321473
535,pos,0.023146167
536,min,0.026756043
536,nar,0.023925638
536,soc,0.026474386
536,mor,0.021919189
536,pos,0.023976326
537,min,0.024977075
537,nar,0.024044111
537,soc,0.024561984
537,mor,0.025441237
537,pos,0.028590089
538,min,0.023642154
538,nar,0.024044111
538,soc,0.026220316
538,mor,0.027848309
538,pos,0.02607227
539,min,0.026192026
539,nar,0.023925638
539,soc,0.025260573
539,mor,0.023129588
539,pos,0.026644776
540,min,0.025208063
540,nar,0.026479075
540,soc,0.024298327
540,mor,0.027848309
540,pos,0.02513241
541,min,0.02598549
541,nar,0.023949385
541,soc,0.024763761
541,mor,0.024823582
541,pos,0.027077464
542,min,0.024863522
542,nar,0.026479075
542,soc,0.024575584
542,mor,0.029331865
542,pos,0.024352938
543,min,0.025029296
543,nar,0.02462033
543,soc,0.026388666
543,mor,0.023129588
543,pos,0.025438003
544,min,0.025439082
544,nar,0.025121607
544,soc,0.026574994
544,mor,0.025979578
544,pos,0.022524389
545,min,0.025521897
545,nar,0.027413443
545,soc,0.025681438
545,mor,0.023027696
545,pos,0.02337139
546,min,0.024509821
546,nar,0.025900818
546,soc,0.025029168
546,mor,0.025979578
546,pos,0.026230725
547,min,0.022692157
547,nar,0.027413443
547,soc,0.025560787
547,mor,0.025441237
547,pos,0.026650526
548,min,0.02354169
548,nar,0.026179777
548,soc,0.026493236
548,mor,0.024823068
548,pos,0.02505408
549,min,0.02367612
549,nar,0.025121607
549,soc,0.026861122
549,mor,0.024823582
549,pos,0.025174582
550,min,0.027334586
550,nar,0.026209906
550,soc,0.024587458
550,mor,0.024823068
550,pos,0.023146167
551,min,0.02725056
551,nar,0.024043852
551,soc,0.024587458
551,mor,0.024823582
551,pos,0.025438003
552,min,0.026870342
552,nar,0.025121607
552,soc,0.023962855
552,mor,0.029331865
552,pos,0.023925638
553,min,0.024509648
553,nar,0.027077721
553,soc,0.024501732
553,mor,0.027321473
553,pos,0.025438003
554,min,0.02434405
554,nar,0.024503639
554,soc,0.026220316
554,mor,0.024823582
554,pos,0.02607227
555,min,0.026664456
555,nar,0.02444888
555,soc,0.02513729
555,mor,0.025979578
555,pos,0.024234468
556,min,0.025927246
556,nar,0.026179777
556,soc,0.025814375
556,mor,0.023129588
556,pos,0.023680212
557,min,0.022692157
557,nar,0.024352938
557,soc,0.026864124
557,mor,0.026978577
557,pos,0.026335688
558,min,0.024061337
558,nar,0.024503639
558,soc,0.02517357
558,mor,0.027848309
558,pos,0.027077464
559,min,0.02536258
559,nar,0.025625527
559,soc,0.025814375
559,mor,0.023027696
559,pos,0.02513241
560,min,0.025407596
560,nar,0.026072526
560,soc,0.025980607
560,mor,0.025441237
560,pos,0.02307864
561,min,0.025696324
561,nar,0.027077721
561,soc,0.02535677
561,mor,0.023129588
561,pos,0.024043852
562,min,0.024258744
562,nar,0.027150026
562,soc,0.025945092
562,mor,0.021919189
562,pos,0.025556475
563,min,0.025136564
563,nar,0.02444888
563,soc,0.02643775
563,mor,0.025979578
563,pos,0.02392538
564,min,0.026769921
564,nar,0.02607227
564,soc,0.024812622
564,mor,0.021919189
564,pos,0.02513241
565,min,0.0241246
565,nar,0.027413443
565,soc,0.024721825
565,mor,0.025441237
565,pos,0.026179777
566,min,0.025297433
566,nar,0.024043852
566,soc,0.026257863
566,mor,0.026978577
566,pos,0.023949385
567,min,0.026594305
567,nar,0.025401583
567,soc,0.02341319
567,mor,0.026978577
567,pos,0.026335688
568,min,0.024258744
568,nar,0.023146167
568,soc,0.025546826
568,mor,0.029331865
568,pos,0.026650526
569,min,0.027877305
569,nar,0.02513241
569,soc,0.024740929
569,mor,0.021919189
569,pos,0.024554582
570,min,0.024446668
570,nar,0.026179777
570,soc,0.025814375
570,mor,0.024823582
570,pos,0.02505408
571,min,0.0271588
571,nar,0.024883749
571,soc,0.024523621
571,mor,0.025979578
571,pos,0.024285411
572,min,0.024509648
572,nar,0.023949385
572,soc,0.025695013
572,mor,0.029331865
572,pos,0.025174582
573,min,0.024793547
573,nar,0.024823323
573,soc,0.02595854
573,mor,0.023264641
573,pos,0.026381353
574,min,0.024610285
574,nar,0.023371125
574,soc,0.025893599
574,mor,0.027321473
574,pos,0.026209906
575,min,0.025242029
575,nar,0.023925638
575,soc,0.024790516
575,mor,0.025979578
575,pos,0.02758489
576,min,0.026532227
576,nar,0.025174582
576,soc,0.025392285
576,mor,0.025979578
576,pos,0.023197114
577,min,0.026037538
577,nar,0.027150026
577,soc,0.022835277
577,mor,0.029331865
577,pos,0.025401583
578,min,0.025582025
578,nar,0.024352938
578,soc,0.02579055
578,mor,0.024823582
578,pos,0.02522553
579,min,0.024446668
579,nar,0.026072526
579,soc,0.026099533
579,mor,0.023027696
579,pos,0.025488948
580,min,0.025183134
580,nar,0.025625527
580,soc,0.02528795
580,mor,0.024823582
580,pos,0.025556475
581,min,0.02693549
581,nar,0.023925638
581,soc,0.026339805
581,mor,0.023129588
581,pos,0.023371125
582,min,0.026037538
582,nar,0.02522553
582,soc,0.023797525
582,mor,0.029331865
582,pos,0.025401583
583,min,0.024838565
583,nar,0.024234468
583,soc,0.025563175
583,mor,0.024823582
583,pos,0.026913943
584,min,0.02367612
584,nar,0.024234468
584,soc,0.027245453
584,mor,0.024823582
584,pos,0.025293058
585,min,0.024689266
585,nar,0.025625527
585,soc,0.025692245
585,mor,0.024823068
585,pos,0.025488948
586,min,0.02457361
586,nar,0.02522553
586,soc,0.025945092
586,mor,0.023264641
586,pos,0.026335947
587,min,0.02354169
587,nar,0.026335947
587,soc,0.026863994
587,mor,0.026978577
587,pos,0.02307864
588,min,0.027044673
588,nar,0.023949385
588,soc,0.02413916
588,mor,0.023129588
588,pos,0.02758489
589,min,0.025521897
589,nar,0.025438003
589,soc,0.026220316
589,mor,0.024823068
589,pos,0.02337139
590,min,0.024061166
590,nar,0.02505408
590,soc,0.02528808
590,mor,0.027848309
590,pos,0.02629825
591,min,0.026216986
591,nar,0.028326668
591,soc,0.024212733
591,mor,0.025441237
591,pos,0.023146167
592,min,0.024959112
592,nar,0.025293058
592,soc,0.024528896
592,mor,0.027848309
592,pos,0.026230725
593,min,0.023642154
593,nar,0.026335947
593,soc,0.026643684
593,mor,0.023264641
593,pos,0.02522553
594,min,0.024303764
594,nar,0.028155217
594,soc,0.025331765
594,mor,0.025441237
594,pos,0.023949385
595,min,0.026374541
595,nar,0.026179777
595,soc,0.024430037
595,mor,0.025979578
595,pos,0.024352938
596,min,0.0241246
596,nar,0.026644776
596,soc,0.024272984
596,mor,0.029331865
596,pos,0.025900818
597,min,0.02535804
597,nar,0.026913943
597,soc,0.024105525
597,mor,0.026978577
597,pos,0.025293058
598,min,0.024895154
598,nar,0.024823323
598,soc,0.025616929
598,mor,0.027848309
598,pos,0.02462033
599,min,0.02408945
599,nar,0.023197114
599,soc,0.025516614
599,mor,0.027848309
599,pos,0.02765572
600,min,0.02592707
600,nar,0.028326668
600,soc,0.023438662
600,mor,0.024823582
600,pos,0.025438003
601,min,0.023705304
601,nar,0.026381353
601,soc,0.026822083
601,mor,0.025979578
601,pos,0.023371125
602,min,0.02457378
602,nar,0.02392538
602,soc,0.02643775
602,mor,0.023264641
602,pos,0.026650526
603,min,0.024446668
603,nar,0.026230725
603,soc,0.02474106
603,mor,0.024823068
603,pos,0.027150026
604,min,0.024061166
604,nar,0.028155217
604,soc,0.024923816
604,mor,0.024823582
604,pos,0.025438003
605,min,0.024689266
605,nar,0.02444888
605,soc,0.025078053
605,mor,0.027848309
605,pos,0.026381353
606,min,0.027877305
606,nar,0.024883749
606,soc,0.024528896
606,mor,0.023129588
606,pos,0.02462211
607,min,0.02609979
607,nar,0.024352938
607,soc,0.02623952
607,mor,0.023027696
607,pos,0.02444888
608,min,0.025743544
608,nar,0.026335688
608,soc,0.02470351
608,mor,0.027321473
608,pos,0.023925638
609,min,0.025233025
609,nar,0.024352938
609,soc,0.025513552
609,mor,0.027321473
609,pos,0.02505408
610,min,0.023911191
610,nar,0.023976585
610,soc,0.02576317
610,mor,0.027848309
610,pos,0.026650526
611,min,0.023642154
611,nar,0.026072526
611,soc,0.026065772
611,mor,0.025441237
611,pos,0.025556475
612,min,0.025967563
612,nar,0.024883749
612,soc,0.025537828
612,mor,0.023264641
612,pos,0.025401322
613,min,0.023496673
613,nar,0.027413443
613,soc,0.02528795
613,mor,0.023264641
613,pos,0.027077721
614,min,0.025521897
614,nar,0.027077721
614,soc,0.02382827
614,mor,0.027848309
614,pos,0.025003135
615,min,0.025342453
615,nar,0.02307864
615,soc,0.026706705
615,mor,0.025979578
615,pos,0.02444888
616,min,0.024977248
616,nar,0.026381353
616,soc,0.025849788
616,mor,0.023027696
616,pos,0.024883749
617,min,0.023705132
617,nar,0.02444888
617,soc,0.024843493
617,mor,0.027321473
617,pos,0.028590089
618,min,0.026756043
618,nar,0.023146167
618,soc,0.026574994
618,mor,0.023129588
618,pos,0.023949385
619,min,0.02373927
619,nar,0.025710406
619,soc,0.026016885
619,mor,0.029331865
619,pos,0.02392538
620,min,0.025727712
620,nar,0.02758489
620,soc,0.025382245
620,mor,0.021919189
620,pos,0.024043852
621,min,0.025091546
621,nar,0.02462211
621,soc,0.024775451
621,mor,0.027848309
621,pos,0.026209906
622,min,0.02540641
622,nar,0.02513241
622,soc,0.024740929
622,mor,0.029331865
622,pos,0.024554582
623,min,0.024054134
623,nar,0.026913943
623,soc,0.025232596
623,mor,0.027321473
623,pos,0.024823323
624,min,0.02535804
624,nar,0.026381353
624,soc,0.024317557
624,mor,0.026978577
624,pos,0.025401583
625,min,0.023256652
625,nar,0.02590108
625,soc,0.025391003
625,mor,0.025979578
625,pos,0.027386552
626,min,0.024061337
626,nar,0.025900818
626,soc,0.025893599
626,mor,0.027321473
626,pos,0.024503639
627,min,0.025473047
627,nar,0.02462033
627,soc,0.026388666
627,mor,0.023027696
627,pos,0.024823323
628,min,0.025854895
628,nar,0.023949385
628,soc,0.024707293
628,mor,0.025441237
628,pos,0.027077464
629,min,0.024061337
629,nar,0.02392538
629,soc,0.026319487
629,mor,0.023264641
629,pos,0.02765572
630,min,0.024977248
630,nar,0.026179777
630,soc,0.023996621
630,mor,0.027321473
630,pos,0.026644776
631,min,0.02614701
631,nar,0.026335688
631,soc,0.025127009
631,mor,0.021919189
631,pos,0.025174582
632,min,0.028052917
632,nar,0.025401583
632,soc,0.02341319
632,mor,0.024823068
632,pos,0.02522553
633,min,0.026756043
633,nar,0.024503639
633,soc,0.026151499
633,mor,0.024823582
633,pos,0.022591913
634,min,0.026423043
634,nar,0.028155217
634,soc,0.023707619
634,mor,0.023027696
634,pos,0.02522553
635,min,0.025761504
635,nar,0.026381353
635,soc,0.023996748
635,mor,0.026978577
635,pos,0.025438003
636,min,0.025242029
636,nar,0.026479075
636,soc,0.025755264
636,mor,0.021919189
636,pos,0.025132151
637,min,0.023739098
637,nar,0.026644776
637,soc,0.025513552
637,mor,0.026978577
637,pos,0.025174582
638,min,0.0245719
638,nar,0.023925638
638,soc,0.025142536
638,mor,0.029331865
638,pos,0.026209906
639,min,0.024090637
639,nar,0.02444888
639,soc,0.026151499
639,mor,0.024823582
639,pos,0.026644776
640,min,0.024977075
640,nar,0.023949385
640,soc,0.024609348
640,mor,0.029331865
640,pos,0.026644776
641,min,0.023290614
641,nar,0.026072526
641,soc,0.026194843
641,mor,0.027848309
641,pos,0.02462211
642,min,0.026870342
642,nar,0.026179777
642,soc,0.023996621
642,mor,0.024823582
642,pos,0.02505408
643,min,0.025518065
643,nar,0.025401583
643,soc,0.026664903
643,mor,0.023129588
643,pos,0.023371125
644,min,0.025233025
644,nar,0.025121607
644,soc,0.024843493
644,mor,0.027321473
644,pos,0.025625527
645,min,0.026560344
645,nar,0.026913943
645,soc,0.023862034
645,mor,0.023129588
645,pos,0.02590108
646,min,0.023660116
646,nar,0.022591913
646,soc,0.027245581
646,mor,0.025979578
646,pos,0.026381353
647,min,0.025652492
647,nar,0.024352938
647,soc,0.025260704
647,mor,0.023027696
647,pos,0.027077464
648,min,0.026550157
648,nar,0.024234468
648,soc,0.026863994
648,mor,0.023129588
648,pos,0.022591913
649,min,0.026480008
649,nar,0.02607227
649,soc,0.02475293
649,mor,0.024823582
649,pos,0.024234468
650,min,0.02536258
650,nar,0.025174582
650,soc,0.024989232
650,mor,0.027848309
650,pos,0.024823323
651,min,0.02373927
651,nar,0.027150026
651,soc,0.025655964
651,mor,0.027848309
651,pos,0.023949385
652,min,0.025854895
652,nar,0.024883749
652,soc,0.024528896
652,mor,0.025979578
652,pos,0.026230725
653,min,0.026560344
653,nar,0.026335947
653,soc,0.024540767
653,mor,0.023129588
653,pos,0.025121607
654,min,0.025328614
654,nar,0.028326668
654,soc,0.024588132
654,mor,0.027848309
654,pos,0.022524389
655,min,0.026532227
655,nar,0.023197114
655,soc,0.02595854
655,mor,0.021919189
655,pos,0.02607227
656,min,0.024464631
656,nar,0.02337139
656,soc,0.026606098
656,mor,0.027321473
656,pos,0.025003135
657,min,0.023911191
657,nar,0.023976326
657,soc,0.026387775
657,mor,0.024823582
657,pos,0.026913943
658,min,0.025183134
658,nar,0.026335947
658,soc,0.02579055
658,mor,0.023264641
658,pos,0.02462033
659,min,0.024509821
659,nar,0.02522553
659,soc,0.02654686
659,mor,0.021919189
659,pos,0.025900818
660,min,0.024457598
660,nar,0.026913943
660,soc,0.025224427
660,mor,0.023027696
660,pos,0.026381353
661,min,0.025312178
661,nar,0.02522553
661,soc,0.025513424
661,mor,0.025441237
661,pos,0.025003135
662,min,0.025775913
662,nar,0.024043852
662,soc,0.025378967
662,mor,0.023129588
662,pos,0.026913943
663,min,0.02373927
663,nar,0.024234468
663,soc,0.025260573
663,mor,0.025979578
663,pos,0.028590089
664,min,0.026041543
664,nar,0.025121607
664,soc,0.024800926
664,mor,0.027848309
664,pos,0.024234468
665,min,0.025521897
665,nar,0.026644776
665,soc,0.02604043
665,mor,0.024823068
665,pos,0.022524389
666,min,0.025022093
666,nar,0.024285411
666,soc,0.025980735
666,mor,0.025979578
666,pos,0.025174582
667,min,0.023705132
667,nar,0.026913943
667,soc,0.024298457
667,mor,0.026978577
667,pos,0.027386552
668,min,0.024668533
668,nar,0.02765572
668,soc,0.02487097
668,mor,0.024823068
668,pos,0.02513241
669,min,0.026374541
669,nar,0.02392538
669,soc,0.025893599
669,mor,0.021919189
669,pos,0.025710406
670,min,0.026711501
670,nar,0.023146167
670,soc,0.025392413
670,mor,0.023129588
670,pos,0.026381353
671,min,0.024168434
671,nar,0.025710406
671,soc,0.025669543
671,mor,0.024823068
671,pos,0.026230725
672,min,0.024423636
672,nar,0.02607227
672,soc,0.025667967
672,mor,0.027848309
672,pos,0.023976585
673,min,0.023945156
673,nar,0.023371125
673,soc,0.02654686
673,mor,0.026978577
673,pos,0.026072526
674,min,0.025761675
674,nar,0.027150026
674,soc,0.02475293
674,mor,0.023027696
674,pos,0.025132151
675,min,0.026366454
675,nar,0.024285411
675,soc,0.025596937
675,mor,0.025979578
675,pos,0.023925638
676,min,0.023256823
676,nar,0.024043852
676,soc,0.02664765
676,mor,0.023129588
676,pos,0.028155217
677,min,0.024537934
677,nar,0.026230725
677,soc,0.026272928
677,mor,0.021919189
677,pos,0.025401322
678,min,0.025831655
678,nar,0.023197114
678,soc,0.024561984
678,mor,0.025441237
678,pos,0.028155217
679,min,0.02457378
679,nar,0.02765572
679,soc,0.025153369
679,mor,0.023129588
679,pos,0.025556475
680,min,0.024464805
680,nar,0.028326668
680,soc,0.024246367
680,mor,0.027848309
680,pos,0.024503639
681,min,0.024168434
681,nar,0.024285411
681,soc,0.02640751
681,mor,0.024823068
681,pos,0.026179777
682,min,0.0271588
682,nar,0.02505408
682,soc,0.025419792
682,mor,0.023264641
682,pos,0.023680212
683,min,0.025328614
683,nar,0.024823323
683,soc,0.02630604
683,mor,0.023264641
683,pos,0.024883749
684,min,0.02592707
684,nar,0.02462033
684,soc,0.024317557
684,mor,0.029331865
684,pos,0.02513241
685,min,0.024689266
685,nar,0.028590089
685,soc,0.023379428
685,mor,0.027321473
685,pos,0.025900818
686,min,0.027364857
686,nar,0.02505408
686,soc,0.024740929
686,mor,0.021919189
686,pos,0.025401583
687,min,0.025473047
687,nar,0.023146167
687,soc,0.025736922
687,mor,0.026978577
687,pos,0.025625527
688,min,0.026664283
688,nar,0.027077721
688,soc,0.024838096
688,mor,0.021919189
688,pos,0.024234468
689,min,0.025473047
689,nar,0.02590108
689,soc,0.023258647
689,mor,0.029331865
689,pos,0.026650526
690,min,0.02691756
690,nar,0.024823323
690,soc,0.026319487
690,mor,0.023027696
690,pos,0.022591913
691,min,0.024423636
691,nar,0.023976585
691,soc,0.025632553
691,mor,0.025979578
691,pos,0.027077464
692,min,0.026594305
692,nar,0.024043852
692,soc,0.025669543
692,mor,0.025979578
692,pos,0.023680212
693,min,0.027382784
693,nar,0.027386552
693,soc,0.022835277
693,mor,0.025979578
693,pos,0.024823323
694,min,0.02457361
694,nar,0.025438003
694,soc,0.02487726
694,mor,0.023129588
694,pos,0.028326668
695,min,0.023642154
695,nar,0.023976326
695,soc,0.0263171
695,mor,0.025441237
695,pos,0.027150026
696,min,0.026076542
696,nar,0.024043852
696,soc,0.025909679
696,mor,0.023129588
696,pos,0.025401583
697,min,0.023975154
697,nar,0.027077721
697,soc,0.0247664
697,mor,0.027321473
697,pos,0.025710406
698,min,0.024644248
698,nar,0.026381353
698,soc,0.027245453
698,mor,0.023264641
698,pos,0.022473441
699,min,0.022737175
699,nar,0.026335688
699,soc,0.026932813
699,mor,0.023129588
699,pos,0.026072526
700,min,0.024303764
700,nar,0.027413443
700,soc,0.025702655
700,mor,0.025979578
700,pos,0.023680212
701,min,0.023866175
701,nar,0.022591913
701,soc,0.027331308
701,mor,0.026978577
701,pos,0.025401322
702,min,0.026735956
702,nar,0.026650526
702,soc,0.023707619
702,mor,0.025441237
702,pos,0.02505408
703,min,0.023290787
703,nar,0.024234468
703,soc,0.026275672
703,mor,0.027848309
703,pos,0.02629825
704,min,0.025091372
704,nar,0.02590108
704,soc,0.024895469
704,mor,0.025979578
704,pos,0.025625527
705,min,0.02457378
705,nar,0.026644776
705,soc,0.026863994
705,mor,0.023129588
705,pos,0.023146167
706,min,0.023660287
706,nar,0.023949385
706,soc,0.02618526
706,mor,0.026978577
706,pos,0.026644776
707,min,0.022692157
707,nar,0.028155217
707,soc,0.025212735
707,mor,0.024823068
707,pos,0.026913943
708,min,0.025228152
708,nar,0.025401583
708,soc,0.024404565
708,mor,0.027321473
708,pos,0.026230725
709,min,0.025233198
709,nar,0.022591913
709,soc,0.025093114
709,mor,0.029331865
709,pos,0.026650526
710,min,0.025414627
710,nar,0.026072526
710,soc,0.026855847
710,mor,0.021919189
710,pos,0.02307864
711,min,0.025183134
711,nar,0.022591913
711,soc,0.024998954
711,mor,0.025979578
711,pos,0.028590089
712,min,0.023660116
712,nar,0.026650526
712,soc,0.025917716
712,mor,0.024823582
712,pos,0.025556475
713,min,0.025831655
713,nar,0.027150026
713,soc,0.023379428
713,mor,0.029331865
713,pos,0.02462211
714,min,0.024061337
714,nar,0.023146167
714,soc,0.026283205
714,mor,0.026978577
714,pos,0.026650526
715,min,0.025267161
715,nar,0.025401322
715,soc,0.02575148
715,mor,0.029331865
715,pos,0.022473441
716,min,0.02691756
716,nar,0.026335947
716,soc,0.025537701
716,mor,0.023264641
716,pos,0.022524389
717,min,0.02754047
717,nar,0.024043852
717,soc,0.02448986
717,mor,0.021919189
717,pos,0.026650526
718,min,0.025358211
718,nar,0.025132151
718,soc,0.024898345
718,mor,0.027848309
718,pos,0.02505408
719,min,0.023335805
719,nar,0.025710406
719,soc,0.026822083
719,mor,0.027321473
719,pos,0.02392538
720,min,0.024688082
720,nar,0.02629825
720,soc,0.025285078
720,mor,0.026978577
720,pos,0.024554582
721,min,0.024747513
721,nar,0.02444888
721,soc,0.025501551
721,mor,0.025979578
721,pos,0.026381353
722,min,0.025091372
722,nar,0.025003135
722,soc,0.026394067
722,mor,0.027848309
722,pos,0.022591913
723,min,0.025696324
723,nar,0.02590108
723,soc,0.025655964
723,mor,0.025979578
723,pos,0.023197114
724,min,0.025228152
724,nar,0.025174582
724,soc,0.024800926
724,mor,0.025979578
724,pos,0.026335947
725,min,0.02443084
725,nar,0.026479075
725,soc,0.02404043
725,mor,0.024823068
725,pos,0.028326668
726,min,0.027877305
726,nar,0.02307864
726,soc,0.025142536
726,mor,0.025441237
726,pos,0.024044111
727,min,0.026594305
727,nar,0.024043852
727,soc,0.023802927
727,mor,0.027848309
727,pos,0.026479075
728,min,0.02536258
728,nar,0.023925638
728,soc,0.02635852
728,mor,0.029331865
728,pos,0.022591913
729,min,0.025761675
729,nar,0.025710406
729,soc,0.025392285
729,mor,0.023264641
729,pos,0.025174582
730,min,0.023496673
730,nar,0.024823323
730,soc,0.026415149
730,mor,0.026978577
730,pos,0.025556475
731,min,0.025652492
731,nar,0.028326668
731,soc,0.02506777
731,mor,0.024823068
731,pos,0.022591913
732,min,0.026550157
732,nar,0.025401322
732,soc,0.02341319
732,mor,0.029331865
732,pos,0.02522553
733,min,0.026735956
733,nar,0.02462033
733,soc,0.024548965
733,mor,0.025979578
733,pos,0.02513241
734,min,0.02513639
734,nar,0.025438003
734,soc,0.024843493
734,mor,0.029331865
734,pos,0.02444888
735,min,0.027044497
735,nar,0.023146167
735,soc,0.02516537
735,mor,0.024823582
735,pos,0.025488948
736,min,0.027334586
736,nar,0.024234468
736,soc,0.023573248
736,mor,0.027321473
736,pos,0.025900818
737,min,0.024793547
737,nar,0.026381353
737,soc,0.0256512
737,mor,0.027848309
737,pos,0.023146167
738,min,0.026366454
738,nar,0.02607227
738,soc,0.024838096
738,mor,0.023027696
738,pos,0.02513241
739,min,0.023496673
739,nar,0.025438003
739,soc,0.026574994
739,mor,0.025979578
739,pos,0.025121607
740,min,0.025967563
740,nar,0.027413443
740,soc,0.023648383
740,mor,0.027321473
740,pos,0.02462211
741,min,0.026423043
741,nar,0.023146167
741,soc,0.025563175
741,mor,0.024823582
741,pos,0.025625527
742,min,0.025476879
742,nar,0.024234468
742,soc,0.0263171
742,mor,0.024823068
742,pos,0.02444888
743,min,0.026525024
743,nar,0.02607227
743,soc,0.02393751
743,mor,0.027848309
743,pos,0.024285411
744,min,0.025761504
744,nar,0.025438003
744,soc,0.025010953
744,mor,0.023264641
744,pos,0.026209906
745,min,0.02526347
745,nar,0.025900818
745,soc,0.024801055
745,mor,0.023264641
745,pos,0.026913943
746,min,0.02434405
746,nar,0.025401322
746,soc,0.025616929
746,mor,0.024823582
746,pos,0.026381353
747,min,0.024509648
747,nar,0.023976585
747,soc,0.026882336
747,mor,0.021919189
747,pos,0.026479075
748,min,0.025073413
748,nar,0.025556475
748,soc,0.025655964
748,mor,0.024823582
748,pos,0.02505408
749,min,0.026639324
749,nar,0.02590108
749,soc,0.024239982
749,mor,0.027848309
749,pos,0.023680212
750,min,0.02514917
750,nar,0.027077721
750,soc,0.023573248
750,mor,0.027848309
750,pos,0.02607227
751,min,0.025747798
751,nar,0.02607227
751,soc,0.02512382
751,mor,0.023129588
751,pos,0.025438003
752,min,0.023290614
752,nar,0.026335947
752,soc,0.025501734
752,mor,0.029331865
752,pos,0.025003135
753,min,0.023739098
753,nar,0.025710406
753,soc,0.025755264
753,mor,0.029331865
753,pos,0.02444888
754,min,0.02385528
754,nar,0.028590089
754,soc,0.02470351
754,mor,0.023027696
754,pos,0.026650526
755,min,0.026756043
755,nar,0.025401583
755,soc,0.025111815
755,mor,0.027321473
755,pos,0.022524389
756,min,0.025312178
756,nar,0.023976326
756,soc,0.025692245
756,mor,0.029331865
756,pos,0.023949385
757,min,0.024644248
757,nar,0.024883749
757,soc,0.025153369
757,mor,0.029331865
757,pos,0.025121607
758,min,0.024689095
758,nar,0.028155217
758,soc,0.025008082
758,mor,0.023129588
758,pos,0.025174582
759,min,0.024977248
759,nar,0.023371125
759,soc,0.025400944
759,mor,0.027321473
759,pos,0.026644776
760,min,0.02513639
760,nar,0.028590089
760,soc,0.02448986
760,mor,0.025979578
760,pos,0.023680212
761,min,0.025022263
761,nar,0.026381353
761,soc,0.024430037
761,mor,0.025979578
761,pos,0.026179777
762,min,0.025208741
762,nar,0.026230725
762,soc,0.024943441
762,mor,0.025441237
762,pos,0.025293058
763,min,0.02481617
763,nar,0.02337139
763,soc,0.02513729
763,mor,0.027321473
763,pos,0.027413443
764,min,0.025761504
764,nar,0.024234468
764,soc,0.027031982
764,mor,0.024823582
764,pos,0.022591913
765,min,0.026217159
765,nar,0.025003135
765,soc,0.025212603
765,mor,0.023129588
765,pos,0.025625527
766,min,0.024061337
766,nar,0.02307864
766,soc,0.026855847
766,mor,0.027321473
766,pos,0.025401322
767,min,0.024893966
767,nar,0.025003135
767,soc,0.024766529
767,mor,0.025979578
767,pos,0.027077464
768,min,0.024977248
768,nar,0.024503639
768,soc,0.025715202
768,mor,0.021919189
768,pos,0.02758489
769,min,0.02624743
769,nar,0.022524389
769,soc,0.025650695
769,mor,0.024823582
769,pos,0.026335688
770,min,0.027544303
770,nar,0.023976585
770,soc,0.024943441
770,mor,0.025441237
770,pos,0.024043852
771,min,0.025312178
771,nar,0.025900818
771,soc,0.025232596
771,mor,0.027321473
771,pos,0.023949385
772,min,0.025951527
772,nar,0.02629825
772,soc,0.025891466
772,mor,0.024823068
772,pos,0.022524389
773,min,0.02434405
773,nar,0.02513241
773,soc,0.026275672
773,mor,0.023027696
773,pos,0.026230725
774,min,0.02385528
774,nar,0.02505408
774,soc,0.024895469
774,mor,0.029331865
774,pos,0.026650526
775,min,0.02367612
775,nar,0.027077721
775,soc,0.025814375
775,mor,0.023027696
775,pos,0.026209906
776,min,0.025022263
776,nar,0.025174582
776,soc,0.026572334
776,mor,0.025441237
776,pos,0.023371125
777,min,0.0271588
777,nar,0.025556475
777,soc,0.023514012
777,mor,0.024823582
777,pos,0.026209906
778,min,0.02457361
778,nar,0.024285411
778,soc,0.02694157
778,mor,0.024823582
778,pos,0.024503639
779,min,0.02457378
779,nar,0.02307864
779,soc,0.026339805
779,mor,0.024823068
779,pos,0.026913943
780,min,0.02367612
780,nar,0.028326668
780,soc,0.024528896
780,mor,0.023264641
780,pos,0.027413443
781,min,0.023705132
781,nar,0.02590108
781,soc,0.026138024
781,mor,0.027848309
781,pos,0.024285411
782,min,0.024850136
782,nar,0.027150026
782,soc,0.024853537
782,mor,0.023027696
782,pos,0.02629825
783,min,0.025747798
783,nar,0.02629825
783,soc,0.024707163
783,mor,0.025979578
783,pos,0.02462033
784,min,0.024123415
784,nar,0.027077464
784,soc,0.025823953
784,mor,0.023264641
784,pos,0.025401583
785,min,0.024009116
785,nar,0.026644776
785,soc,0.025111815
785,mor,0.027321473
785,pos,0.025401583
786,min,0.02513639
786,nar,0.025625527
786,soc,0.02448986
786,mor,0.025441237
786,pos,0.026913943
787,min,0.02632617
787,nar,0.025293058
787,soc,0.024861708
787,mor,0.021919189
787,pos,0.026479075
788,min,0.024446668
788,nar,0.025174582
788,soc,0.025893599
788,mor,0.024823582
788,pos,0.025900818
789,min,0.024537934
789,nar,0.028590089
789,soc,0.024367146
789,mor,0.024823582
789,pos,0.025401322
790,min,0.025862098
790,nar,0.02307864
790,soc,0.025002679
790,mor,0.024823068
790,pos,0.02765572
791,min,0.025358211
791,nar,0.025121607
791,soc,0.025445135
791,mor,0.027321473
791,pos,0.024234468
792,min,0.025861926
792,nar,0.024883749
792,soc,0.023850376
792,mor,0.026978577
792,pos,0.027077721
793,min,0.025249027
793,nar,0.024823323
793,soc,0.026724136
793,mor,0.023129588
793,pos,0.024234468
794,min,0.02354169
794,nar,0.02590108
794,soc,0.025834365
794,mor,0.024823068
794,pos,0.026650526
795,min,0.024258744
795,nar,0.023680212
795,soc,0.027870053
795,mor,0.023264641
795,pos,0.024503639
796,min,0.02681494
796,nar,0.02513241
796,soc,0.025227701
796,mor,0.027321473
796,pos,0.022473441
797,min,0.022771139
797,nar,0.026381353
797,soc,0.025790682
797,mor,0.026978577
797,pos,0.026335688
798,min,0.024265066
798,nar,0.025121607
798,soc,0.025970569
798,mor,0.027321473
798,pos,0.024823323
799,min,0.026560344
799,nar,0.025132151
799,soc,0.024719166
799,mor,0.026978577
799,pos,0.024044111
800,min,0.023335632
800,nar,0.026644776
800,soc,0.026864124
800,mor,0.026978577
800,pos,0.02307864
801,min,0.024959112
801,nar,0.025132151
801,soc,0.025736416
801,mor,0.027848309
801,pos,0.023976585
802,min,0.023911191
802,nar,0.023949385
802,soc,0.027245581
802,mor,0.023129588
802,pos,0.02607227
803,min,0.026594305
803,nar,0.024823323
803,soc,0.024693692
803,mor,0.025441237
803,pos,0.025121607
804,min,0.02619084
804,nar,0.026479075
804,soc,0.023561375
804,mor,0.024823068
804,pos,0.026644776
805,min,0.023290614
805,nar,0.028590089
805,soc,0.024763761
805,mor,0.026978577
805,pos,0.025401583
806,min,0.026756043
806,nar,0.027077464
806,soc,0.024575584
806,mor,0.025979578
806,pos,0.022591913
807,min,0.025414627
807,nar,0.02444888
807,soc,0.024609348
807,mor,0.027848309
807,pos,0.026230725
808,min,0.024759583
808,nar,0.02590108
808,soc,0.02664765
808,mor,0.024823068
808,pos,0.023197114
809,min,0.027044673
809,nar,0.022524389
809,soc,0.025347188
809,mor,0.025441237
809,pos,0.025438003
810,min,0.025656039
810,nar,0.02462211
810,soc,0.025557237
810,mor,0.026978577
810,pos,0.024234468
811,min,0.024943283
811,nar,0.028590089
811,soc,0.02445376
811,mor,0.024823068
811,pos,0.02462033
812,min,0.025208063
812,nar,0.02522553
812,soc,0.025142664
812,mor,0.024823068
812,pos,0.026209906
813,min,0.024258744
813,nar,0.026479075
813,soc,0.026882336
813,mor,0.021919189
813,pos,0.024352938
814,min,0.024240611
814,nar,0.026230725
814,soc,0.025285207
814,mor,0.026978577
814,pos,0.025293058
815,min,0.027158972
815,nar,0.023197114
815,soc,0.026407382
815,mor,0.021919189
815,pos,0.024234468
816,min,0.026216986
816,nar,0.02522553
816,soc,0.026194843
816,mor,0.021919189
816,pos,0.024044111
817,min,0.026374541
817,nar,0.025401322
817,soc,0.02404043
817,mor,0.023027696
817,pos,0.027386552
818,min,0.024123415
818,nar,0.026209906
818,soc,0.02654686
818,mor,0.024823582
818,pos,0.024043852
819,min,0.025414627
819,nar,0.026335947
819,soc,0.025339803
819,mor,0.027321473
819,pos,0.023146167
820,min,0.025967563
820,nar,0.023371125
820,soc,0.025419792
820,mor,0.026978577
820,pos,0.025293058
821,min,0.026374541
821,nar,0.02392538
821,soc,0.025591
821,mor,0.023129588
821,pos,0.025710406
822,min,0.024610285
822,nar,0.026335688
822,soc,0.026254078
822,mor,0.027321473
822,pos,0.022524389
823,min,0.024240784
823,nar,0.023976326
823,soc,0.026254078
823,mor,0.023027696
823,pos,0.02758489
824,min,0.0259336
824,nar,0.025121607
824,soc,0.024386352
824,mor,0.027848309
824,pos,0.02522553
825,min,0.025442915
825,nar,0.026335947
825,soc,0.024164632
825,mor,0.021919189
825,pos,0.028155217
826,min,0.027044497
826,nar,0.02522553
826,soc,0.02393751
826,mor,0.027848309
826,pos,0.024352938
827,min,0.026550157
827,nar,0.02307864
827,soc,0.024876243
827,mor,0.023264641
827,pos,0.02765572
828,min,0.026076542
828,nar,0.024285411
828,soc,0.02528795
828,mor,0.024823582
828,pos,0.025556475
829,min,0.024779668
829,nar,0.028326668
829,soc,0.025445266
829,mor,0.023264641
829,pos,0.02392538
830,min,0.025266988
830,nar,0.025710406
830,soc,0.02483482
830,mor,0.023027696
830,pos,0.027150026
831,min,0.026037712
831,nar,0.023976326
831,soc,0.025400944
831,mor,0.027321473
831,pos,0.02444888
832,min,0.024863696
832,nar,0.02307864
832,soc,0.025347188
832,mor,0.025441237
832,pos,0.028155217
833,min,0.026216986
833,nar,0.023146167
833,soc,0.024212733
833,mor,0.025441237
833,pos,0.028326668
834,min,0.024644248
834,nar,0.02462033
834,soc,0.027399996
834,mor,0.023027696
834,pos,0.024043852
835,min,0.025862098
835,nar,0.02765572
835,soc,0.025305279
835,mor,0.024823068
835,pos,0.022473441
836,min,0.026366454
836,nar,0.024285411
836,soc,0.025202228
836,mor,0.023264641
836,pos,0.026072526
837,min,0.026594305
837,nar,0.02462211
837,soc,0.025546826
837,mor,0.024823068
837,pos,0.023925638
838,min,0.02693549
838,nar,0.02513241
838,soc,0.02483469
838,mor,0.023027696
838,pos,0.02522553
839,min,0.025747625
839,nar,0.02758489
839,soc,0.02536718
839,mor,0.023264641
839,pos,0.02337139
840,min,0.02434405
840,nar,0.027077464
840,soc,0.024843493
840,mor,0.023027696
840,pos,0.027150026
841,min,0.025208741
841,nar,0.025438003
841,soc,0.026724136
841,mor,0.025441237
841,pos,0.022524389
842,min,0.02569751
842,nar,0.024234468
842,soc,0.024298457
842,mor,0.029331865
842,pos,0.025900818
843,min,0.025414627
843,nar,0.028155217
843,soc,0.023981199
843,mor,0.027321473
843,pos,0.024044111
844,min,0.024537934
844,nar,0.024554582
844,soc,0.024853537
844,mor,0.029331865
844,pos,0.026209906
845,min,0.024492916
845,nar,0.02590108
845,soc,0.026269734
845,mor,0.024823068
845,pos,0.024352938
846,min,0.025861926
846,nar,0.025401583
846,soc,0.024688445
846,mor,0.021919189
846,pos,0.027413443
847,min,0.026735956
847,nar,0.024044111
847,soc,0.024117397
847,mor,0.027321473
847,pos,0.025900818
848,min,0.026423043
848,nar,0.028326668
848,soc,0.022835277
848,mor,0.024823582
848,pos,0.025900818
849,min,0.02598549
849,nar,0.02765572
849,soc,0.025212735
849,mor,0.023027696
849,pos,0.023371125
850,min,0.026759874
850,nar,0.022524389
850,soc,0.02534444
850,mor,0.023027696
850,pos,0.027077464
851,min,0.024265066
851,nar,0.026209906
851,soc,0.024634691
851,mor,0.025979578
851,pos,0.027077721
852,min,0.02526347
852,nar,0.02765572
852,soc,0.024246367
852,mor,0.027848309
852,pos,0.023976585
853,min,0.02354169
853,nar,0.02607227
853,soc,0.025616929
853,mor,0.025979578
853,pos,0.026335947
854,min,0.02385528
854,nar,0.026479075
854,soc,0.025266359
854,mor,0.027848309
854,pos,0.02522553
855,min,0.025029296
855,nar,0.024503639
855,soc,0.02542553
855,mor,0.026978577
855,pos,0.025556475
856,min,0.023866175
856,nar,0.025121607
856,soc,0.025010953
856,mor,0.027848309
856,pos,0.027077464
857,min,0.025806695
857,nar,0.02607227
857,soc,0.025574207
857,mor,0.021919189
857,pos,0.02505408
858,min,0.026711501
858,nar,0.023146167
858,soc,0.025008082
858,mor,0.023129588
858,pos,0.027150026
859,min,0.025249027
859,nar,0.028155217
859,soc,0.024634691
859,mor,0.024823582
859,pos,0.024234468
860,min,0.022737175
860,nar,0.025900818
860,soc,0.026572334
860,mor,0.027321473
860,pos,0.02513241
861,min,0.025696324
861,nar,0.027386552
861,soc,0.024913229
861,mor,0.025979578
861,pos,0.023197114
862,min,0.025564097
862,nar,0.026335688
862,soc,0.025886066
862,mor,0.023027696
862,pos,0.023976585
863,min,0.024644075
863,nar,0.024044111
863,soc,0.024943441
863,mor,0.025441237
863,pos,0.028326668
864,min,0.024090637
864,nar,0.02513241
864,soc,0.026690373
864,mor,0.027848309
864,pos,0.023371125
865,min,0.026756043
865,nar,0.023371125
865,soc,0.026440626
865,mor,0.023027696
865,pos,0.024044111
866,min,0.023256652
866,nar,0.027386552
866,soc,0.025313556
866,mor,0.027848309
866,pos,0.025121607
867,min,0.025091372
867,nar,0.025625527
867,soc,0.025261594
867,mor,0.027848309
867,pos,0.024234468
868,min,0.028052917
868,nar,0.02337139
868,soc,0.024877131
868,mor,0.023027696
868,pos,0.02522553
869,min,0.025564097
869,nar,0.025293058
869,soc,0.026407382
869,mor,0.024823582
869,pos,0.02307864
870,min,0.025233025
870,nar,0.02462211
870,soc,0.02600344
870,mor,0.023129588
870,pos,0.02590108
871,min,0.023335632
871,nar,0.024285411
871,soc,0.026742985
871,mor,0.023027696
871,pos,0.02765572
872,min,0.024492916
872,nar,0.026644776
872,soc,0.025560787
872,mor,0.025979578
872,pos,0.02444888
873,min,0.024668533
873,nar,0.02607227
873,soc,0.026932813
873,mor,0.024823582
873,pos,0.022591913
874,min,0.02354169
874,nar,0.02307864
874,soc,0.0256512
874,mor,0.029331865
874,pos,0.02758489
875,min,0.02681494
875,nar,0.02307864
875,soc,0.024540896
875,mor,0.026978577
875,pos,0.02607227
876,min,0.023642154
876,nar,0.02505408
876,soc,0.026706705
876,mor,0.025441237
876,pos,0.025293058
877,min,0.02437862
877,nar,0.022591913
877,soc,0.026493108
877,mor,0.025441237
877,pos,0.027077721
878,min,0.02373927
878,nar,0.028326668
878,soc,0.024790516
878,mor,0.025979578
878,pos,0.025438003
879,min,0.024061337
879,nar,0.025438003
879,soc,0.026440626
879,mor,0.023264641
879,pos,0.025900818
880,min,0.025208741
880,nar,0.02505408
880,soc,0.025266359
880,mor,0.027848309
880,pos,0.02462033
881,min,0.02314064
881,nar,0.02765572
881,soc,0.02635852
881,mor,0.026978577
881,pos,0.02337139
882,min,0.02619084
882,nar,0.026335947
882,soc,0.023850376
882,mor,0.025441237
882,pos,0.025900818
883,min,0.024689095
883,nar,0.024883749
883,soc,0.025232596
883,mor,0.026978577
883,pos,0.026072526
884,min,0.025582025
884,nar,0.025401583
884,soc,0.025736416
884,mor,0.023129588
884,pos,0.025132151
885,min,0.02385528
885,nar,0.025174582
885,soc,0.026471512
885,mor,0.025979578
885,pos,0.02505408
886,min,0.025249027
886,nar,0.028155217
886,soc,0.02413929
886,mor,0.024823068
886,pos,0.02522553
887,min,0.024299031
887,nar,0.023925638
887,soc,0.02618526
887,mor,0.025979578
887,pos,0.026209906
888,min,0.02422478
888,nar,0.02522553
888,soc,0.02600433
888,mor,0.021919189
888,pos,0.027413443
889,min,0.027430005
889,nar,0.022473441
889,soc,0.02455437
889,mor,0.023264641
889,pos,0.02758489
890,min,0.023496673
890,nar,0.025293058
890,soc,0.025868634
890,mor,0.026978577
890,pos,0.026179777
891,min,0.025312008
891,nar,0.025174582
891,soc,0.025681568
891,mor,0.026978577
891,pos,0.023949385
892,min,0.025057582
892,nar,0.025625527
892,soc,0.025445135
892,mor,0.025441237
892,pos,0.025121607
893,min,0.026216986
893,nar,0.026179777
893,soc,0.02433222
893,mor,0.025441237
893,pos,0.02505408
894,min,0.026639324
894,nar,0.026209906
894,soc,0.025419662
894,mor,0.024823582
894,pos,0.022524389
895,min,0.026532227
895,nar,0.023949385
895,soc,0.02517357
895,mor,0.024823068
895,pos,0.025438003
896,min,0.024977075
896,nar,0.025710406
896,soc,0.02401496
896,mor,0.024823582
896,pos,0.028326668
897,min,0.025091372
897,nar,0.02590108
897,soc,0.025591
897,mor,0.025979578
897,pos,0.024234468
898,min,0.02457361
898,nar,0.025438003
898,soc,0.025426418
898,mor,0.025441237
898,pos,0.026072526
899,min,0.025761504
899,nar,0.026913943
899,soc,0.02487097
899,mor,0.023027696
899,pos,0.02513241
900,min,0.025806524
900,nar,0.02505408
900,soc,0.025442496
900,mor,0.024823582
900,pos,0.024883749
901,min,0.026065826
901,nar,0.024554582
901,soc,0.024972463
901,mor,0.025441237
901,pos,0.025625527
902,min,0.0245719
902,nar,0.026644776
902,soc,0.024775581
902,mor,0.024823068
902,pos,0.026479075
903,min,0.025582025
903,nar,0.025710406
903,soc,0.026151627
903,mor,0.024823068
903,pos,0.023146167
904,min,0.025831655
904,nar,0.026209906
904,soc,0.025064582
904,mor,0.023129588
904,pos,0.025293058
905,min,0.026769921
905,nar,0.025003135
905,soc,0.025010824
905,mor,0.023264641
905,pos,0.02513241
906,min,0.02373927
906,nar,0.026209906
906,soc,0.024561984
906,mor,0.029331865
906,pos,0.026335688
907,min,0.02609979
907,nar,0.025900818
907,soc,0.025378967
907,mor,0.023264641
907,pos,0.024503639
908,min,0.024430668
908,nar,0.02505408
908,soc,0.026864124
908,mor,0.027848309
908,pos,0.022591913
909,min,0.024054134
909,nar,0.02607227
909,soc,0.025574207
909,mor,0.029331865
909,pos,0.023976585
910,min,0.02481617
910,nar,0.026335688
910,soc,0.024837205
910,mor,0.024823582
910,pos,0.02629825
911,min,0.024644075
911,nar,0.024234468
911,soc,0.026855847
911,mor,0.027321473
911,pos,0.02337139
912,min,0.023705304
912,nar,0.027413443
912,soc,0.025378838
912,mor,0.023129588
912,pos,0.026650526
913,min,0.028167214
913,nar,0.025003135
913,soc,0.024843493
913,mor,0.023264641
913,pos,0.023371125
914,min,0.025414627
914,nar,0.027077721
914,soc,0.025148096
914,mor,0.021919189
914,pos,0.025488948
915,min,0.025208063
915,nar,0.027150026
915,soc,0.024430037
915,mor,0.025441237
915,pos,0.025401583
916,min,0.02354169
916,nar,0.024823323
916,soc,0.026440626
916,mor,0.023027696
916,pos,0.027413443
917,min,0.02614701
917,nar,0.024352938
917,soc,0.026118383
917,mor,0.027321473
917,pos,0.022473441
918,min,0.024509821
918,nar,0.026179777
918,soc,0.026407382
918,mor,0.027321473
918,pos,0.022524389
919,min,0.026549984
919,nar,0.028326668
919,soc,0.024105525
919,mor,0.021919189
919,pos,0.02462211
920,min,0.024492916
920,nar,0.023371125
920,soc,0.0267784
920,mor,0.027848309
920,pos,0.024352938
921,min,0.0259336
921,nar,0.025401583
921,soc,0.0244638
921,mor,0.026978577
921,pos,0.02522553
922,min,0.02481617
922,nar,0.022591913
922,soc,0.027331179
922,mor,0.023129588
922,pos,0.02590108
923,min,0.025564097
923,nar,0.023976585
923,soc,0.026294013
923,mor,0.024823068
923,pos,0.02462211
924,min,0.024793547
924,nar,0.02590108
924,soc,0.024895469
924,mor,0.025979578
924,pos,0.02607227
925,min,0.024688082
925,nar,0.024352938
925,soc,0.025694884
925,mor,0.029331865
925,pos,0.024503639
926,min,0.025022093
926,nar,0.026230725
926,soc,0.025419792
926,mor,0.027321473
926,pos,0.023680212
927,min,0.024668533
927,nar,0.024823323
927,soc,0.026254078
927,mor,0.025979578
927,pos,0.02462033
928,min,0.02598549
928,nar,0.025132151
928,soc,0.025064582
928,mor,0.027321473
928,pos,0.024044111
929,min,0.025743544
929,nar,0.025900818
929,soc,0.025331765
929,mor,0.025441237
929,pos,0.024044111
930,min,0.02494311
930,nar,0.025556475
930,soc,0.024587458
930,mor,0.029331865
930,pos,0.02513241
931,min,0.024303764
931,nar,0.026650526
931,soc,0.02376376
931,mor,0.029331865
931,pos,0.026644776
932,min,0.025022093
932,nar,0.024883749
932,soc,0.02536718
932,mor,0.027321473
932,pos,0.02513241
933,min,0.0271588
933,nar,0.025401583
933,soc,0.024559109
933,mor,0.026978577
933,pos,0.023197114
934,min,0.02408945
934,nar,0.02629825
934,soc,0.02640751
934,mor,0.023129588
934,pos,0.025132151
935,min,0.02422478
935,nar,0.028326668
935,soc,0.023822999
935,mor,0.025441237
935,pos,0.026913943
936,min,0.026711501
936,nar,0.026644776
936,soc,0.023797525
936,mor,0.027321473
936,pos,0.023976585
937,min,0.024689095
937,nar,0.02522553
937,soc,0.023802927
937,mor,0.026978577
937,pos,0.028590089
938,min,0.02691756
938,nar,0.024883749
938,soc,0.025148096
938,mor,0.023129588
938,pos,0.024823323
939,min,0.027334414
939,nar,0.023680212
939,soc,0.025826829
939,mor,0.023129588
939,pos,0.024044111
940,min,0.027382784
940,nar,0.02513241
940,soc,0.025400944
940,mor,0.024823068
940,pos,0.022524389
941,min,0.026041543
941,nar,0.025121607
941,soc,0.024352083
941,mor,0.027848309
941,pos,0.025132151
942,min,0.026480008
942,nar,0.023146167
942,soc,0.02547814
942,mor,0.025441237
942,pos,0.025401322
943,min,0.025862098
943,nar,0.02505408
943,soc,0.025868127
943,mor,0.021919189
943,pos,0.025401322
944,min,0.023462707
944,nar,0.025401583
944,soc,0.026690373
944,mor,0.023264641
944,pos,0.026335688
945,min,0.025312178
945,nar,0.026650526
945,soc,0.024800926
945,mor,0.023027696
945,pos,0.026209906
946,min,0.02535804
946,nar,0.02590108
946,soc,0.024763761
946,mor,0.025979578
946,pos,0.025488948
947,min,0.023705132
947,nar,0.027150026
947,soc,0.023962984
947,mor,0.027848309
947,pos,0.027386552
948,min,0.02373927
948,nar,0.028155217
948,soc,0.024540767
948,mor,0.027848309
948,pos,0.025174582
949,min,0.024977248
949,nar,0.026381353
949,soc,0.025868127
949,mor,0.025979578
949,pos,0.023371125
950,min,0.025312178
950,nar,0.025174582
950,soc,0.025227701
950,mor,0.021919189
950,pos,0.027386552
951,min,0.025242029
951,nar,0.027150026
951,soc,0.02393751
951,mor,0.025441237
951,pos,0.026335688
952,min,0.02609979
952,nar,0.025401583
952,soc,0.02341319
952,mor,0.029331865
952,pos,0.025900818
953,min,0.025747625
953,nar,0.025293058
953,soc,0.023981199
953,mor,0.029331865
953,pos,0.025401583
954,min,0.024123415
954,nar,0.028155217
954,soc,0.024895469
954,mor,0.024823582
954,pos,0.025401322
955,min,0.027364857
955,nar,0.023371125
955,soc,0.025984012
955,mor,0.023027696
955,pos,0.024044111
956,min,0.024863696
956,nar,0.025900818
956,soc,0.025970569
956,mor,0.023027696
956,pos,0.025293058
957,min,0.025761675
957,nar,0.025401322
957,soc,0.025823953
957,mor,0.027321473
957,pos,0.022591913
958,min,0.0254148
958,nar,0.027150026
958,soc,0.025980607
958,mor,0.023027696
958,pos,0.023197114
959,min,0.026366454
959,nar,0.02462211
959,soc,0.025717719
959,mor,0.024823582
959,pos,0.02392538
960,min,0.025652492
960,nar,0.027150026
960,soc,0.026104936
960,mor,0.023027696
960,pos,0.022591913
961,min,0.02514917
961,nar,0.025488948
961,soc,0.025513552
961,mor,0.024823068
961,pos,0.025293058
962,min,0.025854895
962,nar,0.024285411
962,soc,0.025064582
962,mor,0.024823068
962,pos,0.026335947
963,min,0.02681494
963,nar,0.025710406
963,soc,0.02448973
963,mor,0.027321473
963,pos,0.02337139
964,min,0.024446668
964,nar,0.025174582
964,soc,0.0260659
964,mor,0.023264641
964,pos,0.026335688
965,min,0.027158972
965,nar,0.023371125
965,soc,0.02595854
965,mor,0.025441237
965,pos,0.023197114
966,min,0.024793547
966,nar,0.025132151
966,soc,0.0262758
966,mor,0.023027696
966,pos,0.025556475
967,min,0.026560344
967,nar,0.025556475
967,soc,0.024540767
967,mor,0.026978577
967,pos,0.023976585
968,min,0.02506958
968,nar,0.023976326
968,soc,0.026415149
968,mor,0.023264641
968,pos,0.02590108
969,min,0.02457361
969,nar,0.024285411
969,soc,0.026415149
969,mor,0.023264641
969,pos,0.026335947
970,min,0.02725056
970,nar,0.02392538
970,soc,0.025010953
970,mor,0.027848309
970,pos,0.023197114
971,min,0.024299031
971,nar,0.026209906
971,soc,0.025111943
971,mor,0.027321473
971,pos,0.025401322
972,min,0.024457598
972,nar,0.023371125
972,soc,0.02748572
972,mor,0.025979578
972,pos,0.023925638
973,min,0.026711673
973,nar,0.023680212
973,soc,0.025391003
973,mor,0.024823068
973,pos,0.025003135
974,min,0.024265066
974,nar,0.028155217
974,soc,0.025266865
974,mor,0.023129588
974,pos,0.025293058
975,min,0.026735956
975,nar,0.025900818
975,soc,0.024151161
975,mor,0.023129588
975,pos,0.026072526
976,min,0.0271588
976,nar,0.02513241
976,soc,0.025681412
976,mor,0.023027696
976,pos,0.023197114
977,min,0.024895154
977,nar,0.02392538
977,soc,0.027331308
977,mor,0.026978577
977,pos,0.022524389
978,min,0.026532227
978,nar,0.027150026
978,soc,0.02475293
978,mor,0.024823068
978,pos,0.02307864
979,min,0.025967563
979,nar,0.02462211
979,soc,0.025669543
979,mor,0.024823068
979,pos,0.02462033
980,min,0.025249027
980,nar,0.025121607
980,soc,0.024998954
980,mor,0.023129588
980,pos,0.027386552
981,min,0.025266988
981,nar,0.026179777
981,soc,0.02433222
981,mor,0.025979578
981,pos,0.026209906
982,min,0.0241246
982,nar,0.02758489
982,soc,0.02604043
982,mor,0.021919189
982,pos,0.025132151
983,min,0.025057582
983,nar,0.02444888
983,soc,0.025816023
983,mor,0.023264641
983,pos,0.026644776
984,min,0.026549984
984,nar,0.027386552
984,soc,0.024864584
984,mor,0.021919189
984,pos,0.024044111
985,min,0.025862098
985,nar,0.025556475
985,soc,0.025513424
985,mor,0.026978577
985,pos,0.02307864
986,min,0.0271588
986,nar,0.025438003
986,soc,0.023284249
986,mor,0.026978577
986,pos,0.025710406
987,min,0.024850136
987,nar,0.025174582
987,soc,0.025980735
987,mor,0.023264641
987,pos,0.025900818
988,min,0.026664456
988,nar,0.023146167
988,soc,0.02382827
988,mor,0.026978577
988,pos,0.02765572
989,min,0.026639324
989,nar,0.022473441
989,soc,0.025694884
989,mor,0.025441237
989,pos,0.025401583
990,min,0.02471355
990,nar,0.02522553
990,soc,0.025805743
990,mor,0.021919189
990,pos,0.027077464
991,min,0.024689095
991,nar,0.023680212
991,soc,0.025078183
991,mor,0.027321473
991,pos,0.027413443
992,min,0.022692157
992,nar,0.027077721
992,soc,0.024877131
992,mor,0.027848309
992,pos,0.027150026
993,min,0.025476879
993,nar,0.02513241
993,soc,0.027245453
993,mor,0.023264641
993,pos,0.022473441
994,min,0.024689266
994,nar,0.02607227
994,soc,0.025314331
994,mor,0.025441237
994,pos,0.025488948
995,min,0.02598549
995,nar,0.026381353
995,soc,0.024722716
995,mor,0.029331865
995,pos,0.022473441
996,min,0.024959112
996,nar,0.025488948
996,soc,0.025736416
996,mor,0.024823068
996,pos,0.02513241
997,min,0.024258744
997,nar,0.025556475
997,soc,0.025400052
997,mor,0.025979578
997,pos,0.026209906
998,min,0.02598549
998,nar,0.027077721
998,soc,0.024817893
998,mor,0.021919189
998,pos,0.025293058
999,min,0.025743544
999,nar,0.025174582
999,soc,0.025849426
999,mor,0.023264641
999,pos,0.024823323
